chart,version,variant,scanner,scannerVersion,result,exitCode,findingCount,topChecks,renderedSHA256,renderedPath
argo-cd/argo-cd,9.5.15,default,kube-linter,0.8.3,warn,1,18,unset-cpu-requirements:9;unset-memory-requirements:9,e52ddef5e56e347a8959dd1e8591e116479bf8aa8682c83e3753fe7355a38cc0,recipes/argo-cd/argo-cd/9.5.15/revisions/default/r001/rendered/release-objects.yaml
argo-cd/argo-cd,9.5.15,no-crds,kube-linter,0.8.3,warn,1,18,unset-cpu-requirements:9;unset-memory-requirements:9,23a51fb8ea2215b08a853bbb26698d80f58a5514b68d4f49cdcd870a8371fc71,recipes/argo-cd/argo-cd/9.5.15/revisions/no-crds/r001/rendered/release-objects.yaml
bitnami/mongodb,19.0.7,existing-secret-replicaset,kube-linter,0.8.3,warn,1,2,pdb-unhealthy-pod-eviction-policy:2,3723a87004e25f813534be469bf648b6d6b80357fb01e47e465f775dcaec9231,recipes/bitnami/mongodb/19.0.7/revisions/existing-secret-replicaset/r001/rendered/release-objects.yaml
bitnami/mongodb,19.0.7,generated-passwords,kube-linter,0.8.3,warn,1,1,pdb-unhealthy-pod-eviction-policy:1,ce99d9a7867d5cb7ea0f0f983d092600ec1bb24ce50e969d1032bdbf937e8fdf,recipes/bitnami/mongodb/19.0.7/revisions/generated-passwords/r001/rendered/release-objects.yaml
bitnami/mysql,14.0.3,existing-secret,kube-linter,0.8.3,warn,1,1,pdb-unhealthy-pod-eviction-policy:1,024c04f020fbe5cc7af518d743a68e055f999e88a6633b278adccc769c1b7fa8,recipes/bitnami/mysql/14.0.3/revisions/existing-secret/r001/rendered/release-objects.yaml
bitnami/mysql,14.0.3,generated-passwords,kube-linter,0.8.3,warn,1,1,pdb-unhealthy-pod-eviction-policy:1,04e856bfa75859dc9d8e45c61d49ad566494a7f66c257da9113ad26ca1696380,recipes/bitnami/mysql/14.0.3/revisions/generated-passwords/r001/rendered/release-objects.yaml
bitnami/nginx,24.0.2,existing-tls-ingress,kube-linter,0.8.3,warn,1,1,pdb-unhealthy-pod-eviction-policy:1,cb5cdb64d2f05a0f3e2b2d07facc3d08705f86b3a34a3f52c891bdbd28d44e8f,recipes/bitnami/nginx/24.0.2/revisions/existing-tls-ingress/r001/rendered/release-objects.yaml
bitnami/nginx,24.0.2,http-clusterip,kube-linter,0.8.3,warn,1,1,pdb-unhealthy-pod-eviction-policy:1,7fb28597f2eea8113612fa9e67ac84760cba1e72c42a4c59e4c25d284e0a94ba,recipes/bitnami/nginx/24.0.2/revisions/http-clusterip/r001/rendered/release-objects.yaml
bitnami/postgresql,18.6.7,existing-secret,kube-linter,0.8.3,warn,1,1,pdb-unhealthy-pod-eviction-policy:1,595ce44f8c11b10ad1817bf57141529864efd48318a6a97a6e914d3669bb90dd,recipes/bitnami/postgresql/18.6.7/revisions/existing-secret/r001/rendered/release-objects.yaml
bitnami/postgresql,18.6.7,generated-passwords,kube-linter,0.8.3,warn,1,1,pdb-unhealthy-pod-eviction-policy:1,db49bd6d27e0deaed0b9e314f0527bc2d9468b7be10f9bbdaad14593f0b65a6b,recipes/bitnami/postgresql/18.6.7/revisions/generated-passwords/r001/rendered/release-objects.yaml
bitnami/rabbitmq,16.0.14,existing-secret,kube-linter,0.8.3,warn,1,1,pdb-unhealthy-pod-eviction-policy:1,cdff3262264844b099e7f4421f1bbd5027360c2d23ba34667506d85255c4b6f2,recipes/bitnami/rabbitmq/16.0.14/revisions/existing-secret/r001/rendered/release-objects.yaml
bitnami/rabbitmq,16.0.14,generated-passwords,kube-linter,0.8.3,warn,1,1,pdb-unhealthy-pod-eviction-policy:1,81187ce4367f5196ddbaa35ea55b972698f8a474d78a2cdc2908b12290c89f31,recipes/bitnami/rabbitmq/16.0.14/revisions/generated-passwords/r001/rendered/release-objects.yaml
bitnami/redis,25.5.3,default,kube-linter,0.8.3,warn,1,2,pdb-unhealthy-pod-eviction-policy:2,175caf404c4a005708398d2facd696a8500ef4280c47c682b7bae6273a91272e,recipes/bitnami/redis/25.5.3/revisions/default/r001/rendered/release-objects.yaml
bitnami/redis,25.5.3,reuse-existing-secret,kube-linter,0.8.3,warn,1,2,pdb-unhealthy-pod-eviction-policy:2,55f424589dfd8581580a51659cdf46e52180961ddbf9f6b7b244d0aacc42546f,recipes/bitnami/redis/25.5.3/revisions/reuse-existing-secret/r001/rendered/release-objects.yaml
external-secrets/external-secrets,2.5.0,default,kube-linter,0.8.3,warn,1,6,unset-cpu-requirements:3;unset-memory-requirements:3,f1c832a9af788c9d2a7a0b066d76a7d8af253d83f5b0fa39c1aa91271230d3db,recipes/external-secrets/external-secrets/2.5.0/revisions/default/r001/rendered/release-objects.yaml
external-secrets/external-secrets,2.5.0,no-crds,kube-linter,0.8.3,warn,1,6,unset-cpu-requirements:3;unset-memory-requirements:3,da5857fba93e0394594d7e072b31e3cf28985392b5cc0443730a23b722d7670b,recipes/external-secrets/external-secrets/2.5.0/revisions/no-crds/r001/rendered/release-objects.yaml
grafana/grafana,10.5.15,existing-secret-ingress,kube-linter,0.8.3,warn,1,3,no-read-only-root-fs:1;unset-cpu-requirements:1;unset-memory-requirements:1,04b1fc4abd47d12c2eef1e06e7f4dc7cb2dd6ffd639a7a8967bda1c98a00fb60,recipes/grafana/grafana/10.5.15/revisions/existing-secret-ingress/r001/rendered/release-objects.yaml
grafana/grafana,10.5.15,generated-passwords,kube-linter,0.8.3,warn,1,3,no-read-only-root-fs:1;unset-cpu-requirements:1;unset-memory-requirements:1,893351c9b8cad0a10b0176a946bf514a76c5895bdb2d88a31bdd53a94288066d,recipes/grafana/grafana/10.5.15/revisions/generated-passwords/r001/rendered/release-objects.yaml
grafana/loki,7.0.0,simple-scalable-minio,kube-linter,0.8.3,warn,1,18,unset-memory-requirements:9;unset-cpu-requirements:8;no-read-only-root-fs:1,91787d0999a776a5b32de6fa06264eb4ba43bc520a66f82234a07cdf94c2f207,recipes/grafana/loki/7.0.0/revisions/simple-scalable-minio/r001/rendered/release-objects.yaml
grafana/loki,7.0.0,single-binary-filesystem,kube-linter,0.8.3,warn,1,12,unset-cpu-requirements:6;unset-memory-requirements:6,6c1e4c38271f2c48cb66ac6e39be8643524e774fec8cf363875c66bf3ea2bb30,recipes/grafana/loki/7.0.0/revisions/single-binary-filesystem/r001/rendered/release-objects.yaml
grafana/tempo,1.24.4,local-persistent,kube-linter,0.8.3,warn,1,3,no-read-only-root-fs:1;unset-cpu-requirements:1;unset-memory-requirements:1,df7ce7b40425eef8d057bdd80416ea3ae781ababe7ce6a154db74990c0f07905,recipes/grafana/tempo/1.24.4/revisions/local-persistent/r001/rendered/release-objects.yaml
grafana/tempo,1.24.4,s3-query-observability,kube-linter,0.8.3,warn,1,6,no-read-only-root-fs:2;unset-cpu-requirements:2;unset-memory-requirements:2,e647ad22435c55910e4c77470263e05daf026af43b59bde1f0ae7db754d3d5ad,recipes/grafana/tempo/1.24.4/revisions/s3-query-observability/r001/rendered/release-objects.yaml
hashicorp/consul,2.0.0,default-control-plane,kube-linter,0.8.3,warn,1,5,liveness-port:1;readiness-port:1;startup-port:1;unset-cpu-requirements:1;unset-memory-requirements:1,7efa3e8b59c702c8b8fa744a0ff91198e09ad8ba0fb93a86b50c3fd9e39d29f7,recipes/hashicorp/consul/2.0.0/revisions/default-control-plane/r001/rendered/release-objects.yaml
hashicorp/consul,2.0.0,secure-mesh-existing-secrets,kube-linter,0.8.3,warn,1,6,job-ttl-seconds-after-finished:1;liveness-port:1;readiness-port:1;startup-port:1;unset-cpu-requirements:1,0acc8c339c2965446b754c3a9c948c4f154ca6e47b074ddc3b8d315e2cb7c468,recipes/hashicorp/consul/2.0.0/revisions/secure-mesh-existing-secrets/r001/rendered/release-objects.yaml
hashicorp/vault,0.32.0,default,kube-linter,0.8.3,warn,1,9,no-read-only-root-fs:2;unset-cpu-requirements:2;unset-memory-requirements:2;liveness-port:1;readiness-port:1,6de2d61c8de0c21faa951e89ec16658bcdff22e69d78075fdd394d895a5e6978,recipes/hashicorp/vault/0.32.0/revisions/default/r001/rendered/release-objects.yaml
hashicorp/vault,0.32.0,ha-raft-ui,kube-linter,0.8.3,warn,1,12,dangling-service:2;no-read-only-root-fs:2;unset-cpu-requirements:2;unset-memory-requirements:2;liveness-port:1,734a212cbb2e8d11ed288d32bc8b709e859248ef5587090b04e0fa407b248b5f,recipes/hashicorp/vault/0.32.0/revisions/ha-raft-ui/r001/rendered/release-objects.yaml
ingress-nginx/ingress-nginx,4.15.1,admission-disabled,kube-linter,0.8.3,warn,1,4,liveness-port:1;no-read-only-root-fs:1;readiness-port:1;unset-memory-requirements:1,ad133758fa1985241f9dd1fe766f6ca9f17e199bf7562e37b3c2834a6588c25e,recipes/ingress-nginx/ingress-nginx/4.15.1/revisions/admission-disabled/r001/rendered/release-objects.yaml
ingress-nginx/ingress-nginx,4.15.1,default,kube-linter,0.8.3,warn,1,4,liveness-port:1;no-read-only-root-fs:1;readiness-port:1;unset-memory-requirements:1,257503d94cea6b1d59e1564805f03a59c5a2d8fdf2de2b340676df03c295a80d,recipes/ingress-nginx/ingress-nginx/4.15.1/revisions/default/r001/rendered/release-objects.yaml
jetstack/cert-manager,v1.20.2,crds-enabled,kube-linter,0.8.3,warn,1,6,unset-cpu-requirements:3;unset-memory-requirements:3,e288b2413bd1919173bee6afcd823be61399f101cfe2cf61f8e0df56740fefe0,recipes/jetstack/cert-manager/v1.20.2/revisions/crds-enabled/r001/rendered/release-objects.yaml
jetstack/cert-manager,v1.20.2,default,kube-linter,0.8.3,warn,1,6,unset-cpu-requirements:3;unset-memory-requirements:3,45029db19d75e578bec74b82a0476a6580d1f7193239a210bf4873156ac725ce,recipes/jetstack/cert-manager/v1.20.2/revisions/default/r001/rendered/release-objects.yaml
longhorn/longhorn,1.11.2,default,kube-linter,0.8.3,warn,1,24,no-read-only-root-fs:5;run-as-non-root:5;unset-cpu-requirements:5;unset-memory-requirements:5;dangling-service:2,4a2f739775a696f5d67db6adf1f99473c60a3f5adf308ceb3ccbf222435acd90,recipes/longhorn/longhorn/1.11.2/revisions/default/r001/rendered/release-objects.yaml
longhorn/longhorn,1.11.2,ui-ingress,kube-linter,0.8.3,warn,1,24,no-read-only-root-fs:5;run-as-non-root:5;unset-cpu-requirements:5;unset-memory-requirements:5;dangling-service:2,2f6508c2bc3f2a09e1ffcb8ec71282b3e2dd52e69fe8ca80fc90ab756f9b9298,recipes/longhorn/longhorn/1.11.2/revisions/ui-ingress/r001/rendered/release-objects.yaml
metrics-server/metrics-server,3.13.0,default,kube-linter,0.8.3,warn,1,1,unset-memory-requirements:1,97514966a1917b1ae3b597ec3a32216d0a650db7cb56d472f4e722c69c869b51,recipes/metrics-server/metrics-server/3.13.0/revisions/default/r001/rendered/release-objects.yaml
metrics-server/metrics-server,3.13.0,external-tls-ca,kube-linter,0.8.3,warn,1,1,unset-memory-requirements:1,4b9df6b53cb5d8ed0b655b121696183d1c107ea88511e889bef1aae6708c8dad,recipes/metrics-server/metrics-server/3.13.0/revisions/external-tls-ca/r001/rendered/release-objects.yaml
prometheus-community/kube-prometheus-stack,85.3.3,default,kube-linter,0.8.3,warn,1,27,dangling-service:7;unset-cpu-requirements:6;unset-memory-requirements:6;no-read-only-root-fs:3;sensitive-host-mounts:3,9fac2a0e4140eee298c84ce61f13dd8ca392bb92e2037d0ef0aaa4d8015ee491,recipes/prometheus-community/kube-prometheus-stack/85.3.3/revisions/default/r001/rendered/release-objects.yaml
prometheus-community/kube-prometheus-stack,85.3.3,no-crds,kube-linter,0.8.3,warn,1,27,dangling-service:7;unset-cpu-requirements:6;unset-memory-requirements:6;no-read-only-root-fs:3;sensitive-host-mounts:3,3f6049fc2b7a40bbfb009b347880e3f319a87c9b60a6fd274220287a10167fc2,recipes/prometheus-community/kube-prometheus-stack/85.3.3/revisions/no-crds/r001/rendered/release-objects.yaml
prometheus-community/prometheus,29.8.0,default,kube-linter,0.8.3,warn,1,21,unset-cpu-requirements:6;unset-memory-requirements:6;no-read-only-root-fs:4;sensitive-host-mounts:3;host-network:1,c11349803ddbb44562066474dd04d47d7c5c75d083dbc96162224573f949c11b,recipes/prometheus-community/prometheus/29.8.0/revisions/default/r001/rendered/release-objects.yaml
prometheus-community/prometheus,29.8.0,server-only-ephemeral,kube-linter,0.8.3,warn,1,6,no-read-only-root-fs:2;unset-cpu-requirements:2;unset-memory-requirements:2,174e1729753ef551fa059f86111cfd87653ea2380dc879238cf5cc4987e78812,recipes/prometheus-community/prometheus/29.8.0/revisions/server-only-ephemeral/r001/rendered/release-objects.yaml
secrets-store-csi-driver/secrets-store-csi-driver,1.6.0,default,kube-linter,0.8.3,warn,1,8,no-read-only-root-fs:3;run-as-non-root:3;privilege-escalation-container:1;privileged-container:1,2490f14dd08f7e309f8f78cd1c2f1b05eb5b8995343b33ad6b3b243401a39ead,recipes/secrets-store-csi-driver/secrets-store-csi-driver/1.6.0/revisions/default/r001/rendered/release-objects.yaml
secrets-store-csi-driver/secrets-store-csi-driver,1.6.0,sync-secret-rotation,kube-linter,0.8.3,warn,1,8,no-read-only-root-fs:3;run-as-non-root:3;privilege-escalation-container:1;privileged-container:1,3667c16d411f773ef20e51c9980d484eb770c1173092878f1b018f5b4377a182,recipes/secrets-store-csi-driver/secrets-store-csi-driver/1.6.0/revisions/sync-secret-rotation/r001/rendered/release-objects.yaml
