chart,version,currentSupportState,candidateBase,baseReadiness,baseReadinessSummary,decisionState,decisionFocus,targetScopeRequired,liveEvidenceRequired,imageRequirement,scanRequirement,lifecycleRequirement,prerequisiteRequirement,proposedDecisionArtifact,firstVerificationAfterDecision,nextAction
argo-cd/argo-cd,9.5.15,not-production-supported,default,try-with-proof,try-with-proof:2,close-dispositions-first,missing-disposition,target cluster class;namespace;delivery controller;storage/runtime assumptions,"complete missing live or ConfigHub lanes, then refresh target-scoped evidence",resolve image digests or record explicit exception before production OCI support,"accept, fix, or document scanner findings for supported scope",record lifecycle support boundary: recipe-hook-policy:no-hooks,no unresolved target prerequisite in candidate base,data/production-support-decisions/argo-cd-argo-cd/support-decision.yaml,npm run live-parity:top20 -- --from-rank 6 --to-rank 6 --continue-on-fail,write or fix the receipt for target fact preflight
external-secrets/external-secrets,2.5.0,not-production-supported,default,start-here,start-here:1;try-with-proof:1,close-dispositions-first,missing-disposition,target cluster class;namespace;delivery controller;storage/runtime assumptions,refresh target-scoped live/e2e evidence before support claim,resolve image digests or record explicit exception before production OCI support,"accept, fix, or document scanner findings for supported scope",record lifecycle support boundary: lifecycle-observations:2/2,no unresolved target prerequisite in candidate base,data/production-support-decisions/external-secrets-external-secrets/support-decision.yaml,refresh target-scoped live/e2e receipt and rerun production-disposition details,write or fix the receipt for target fact preflight
prometheus-community/kube-prometheus-stack,85.3.3,not-production-supported,default,try-with-proof,try-with-proof:2,close-dispositions-first,missing-disposition,target cluster class;namespace;delivery controller;storage/runtime assumptions,"complete missing live or ConfigHub lanes, then refresh target-scoped evidence",resolve image digests or record explicit exception before production OCI support,record security acceptance or create hardened base,record lifecycle support boundary: source-hooks:2,no unresolved target prerequisite in candidate base,data/production-support-decisions/prometheus-community-kube-prometheus-stack/support-decision.yaml,npm run live-parity:top20 -- --from-rank 7 --to-rank 7 --continue-on-fail,write or fix the receipt for target fact preflight
bitnami/mongodb,19.0.7,not-production-supported,generated-passwords,start-here,runtime-review-needed:1;start-here:1,lifecycle-support-scope-decision,lifecycle-support-scope,target cluster class;namespace;delivery controller;storage/runtime assumptions,refresh target-scoped live/e2e evidence before support claim,no open image-digest gap in current queue,"accept, fix, or document scanner findings for supported scope",record lifecycle support boundary: recipe-hook-policy:no-hooks,no unresolved target prerequisite in candidate base,data/production-support-decisions/bitnami-mongodb/support-decision.yaml,refresh target-scoped live/e2e receipt and rerun production-disposition details,"record the target-scoped lifecycle support decision, then refresh live/e2e evidence for that scope"
bitnami/postgresql,18.6.7,not-production-supported,generated-passwords,try-with-proof,try-with-proof:2,lifecycle-support-scope-decision,lifecycle-support-scope,target cluster class;namespace;delivery controller;storage/runtime assumptions,"complete missing live or ConfigHub lanes, then refresh target-scoped evidence",no open image-digest gap in current queue,"accept, fix, or document scanner findings for supported scope",record lifecycle support boundary: recipe-hook-policy:no-hooks,no unresolved target prerequisite in candidate base,data/production-support-decisions/bitnami-postgresql/support-decision.yaml,refresh target-scoped live/e2e receipt and rerun production-disposition details,"record the target-scoped lifecycle support decision, then refresh live/e2e evidence for that scope"
bitnami/redis,25.5.3,not-production-supported,default,start-here,start-here:1;try-with-proof:1,lifecycle-support-scope-decision,lifecycle-support-scope,target cluster class;namespace;delivery controller;storage/runtime assumptions,refresh target-scoped live/e2e evidence before support claim,no open image-digest gap in current queue,"accept, fix, or document scanner findings for supported scope",record lifecycle support boundary: recipe-hook-policy:no-hooks,no unresolved target prerequisite in candidate base,data/production-support-decisions/bitnami-redis/support-decision.yaml,refresh target-scoped live/e2e receipt and rerun production-disposition details,"record the target-scoped lifecycle support decision, then refresh live/e2e evidence for that scope"
jetstack/cert-manager,v1.20.2,not-production-supported,default,lifecycle-observed,lifecycle-observed:1;try-with-proof:1,lifecycle-support-scope-decision,lifecycle-support-scope,target cluster class;namespace;delivery controller;storage/runtime assumptions,attach lifecycle observation and refresh target-scoped evidence,resolve image digests or record explicit exception before production OCI support,"accept, fix, or document scanner findings for supported scope",bind lifecycle observation receipt to supported scope,no unresolved target prerequisite in candidate base,data/production-support-decisions/jetstack-cert-manager/support-decision.yaml,npm run kind-parity:run -- --chart jetstack/cert-manager --version v1.20.2 --base default,choose whether default is in production scope; record the target-scoped lifecycle support decision before claiming production support
bitnami/nginx,24.0.2,not-production-supported,http-clusterip,start-here,start-here:1;try-with-proof:1,ready-for-final-scope-decision,final-target-support-decision,target cluster class;namespace;delivery controller;storage/runtime assumptions,refresh target-scoped live/e2e evidence before support claim,no open image-digest gap in current queue,"accept, fix, or document scanner findings for supported scope",no lifecycle-specific decision beyond standard support boundary,no unresolved target prerequisite in candidate base,data/production-support-decisions/bitnami-nginx/support-decision.yaml,refresh target-scoped live/e2e receipt and rerun production-disposition details,"choose the supported production base and target scope, refresh live/e2e evidence, and record the final support decision"
bitnami/mysql,14.0.3,not-production-supported,generated-passwords,start-here,start-here:1;try-with-proof:1,resolve-images-before-production-oci,image-digest-resolution,target cluster class;namespace;delivery controller;storage/runtime assumptions,refresh target-scoped live/e2e evidence before support claim,resolve image digests or record explicit exception before production OCI support,"accept, fix, or document scanner findings for supported scope",record lifecycle support boundary: recipe-hook-policy:no-hooks,no unresolved target prerequisite in candidate base,data/production-support-decisions/bitnami-mysql/support-decision.yaml,refresh target-scoped live/e2e receipt and rerun production-disposition details,resolve image digests for each affected variant before production OCI support
bitnami/rabbitmq,16.0.14,not-production-supported,generated-passwords,start-here,start-here:1;try-with-proof:1,resolve-images-before-production-oci,image-digest-resolution,target cluster class;namespace;delivery controller;storage/runtime assumptions,refresh target-scoped live/e2e evidence before support claim,resolve image digests or record explicit exception before production OCI support,"accept, fix, or document scanner findings for supported scope",record lifecycle support boundary: recipe-hook-policy:no-hooks,no unresolved target prerequisite in candidate base,data/production-support-decisions/bitnami-rabbitmq/support-decision.yaml,refresh target-scoped live/e2e receipt and rerun production-disposition details,resolve image digests for each affected variant before production OCI support
grafana/grafana,10.5.15,not-production-supported,generated-passwords,start-here,start-here:1;try-with-proof:1,resolve-images-before-production-oci,image-digest-resolution,target cluster class;namespace;delivery controller;storage/runtime assumptions,refresh target-scoped live/e2e evidence before support claim,resolve image digests or record explicit exception before production OCI support,"accept, fix, or document scanner findings for supported scope",no lifecycle-specific decision beyond standard support boundary,no unresolved target prerequisite in candidate base,data/production-support-decisions/grafana-grafana/support-decision.yaml,refresh target-scoped live/e2e receipt and rerun production-disposition details,resolve image digests for each affected variant before production OCI support
grafana/loki,7.0.0,not-production-supported,single-binary-filesystem,start-here,runtime-review-needed:1;start-here:1,resolve-images-before-production-oci,image-digest-resolution,target cluster class;namespace;delivery controller;storage/runtime assumptions,refresh target-scoped live/e2e evidence before support claim,resolve image digests or record explicit exception before production OCI support,"accept, fix, or document scanner findings for supported scope",record lifecycle support boundary: recipe-lifecycle-policy,no unresolved target prerequisite in candidate base,data/production-support-decisions/grafana-loki/support-decision.yaml,refresh target-scoped live/e2e receipt and rerun production-disposition details,resolve image digests for each affected variant before production OCI support
hashicorp/consul,2.0.0,not-production-supported,default-control-plane,start-here,runtime-review-needed:1;start-here:1,resolve-images-before-production-oci,image-digest-resolution,target cluster class;namespace;delivery controller;storage/runtime assumptions,refresh target-scoped live/e2e evidence before support claim,resolve image digests or record explicit exception before production OCI support,"accept, fix, or document scanner findings for supported scope",record lifecycle support boundary: recipe-lifecycle-policy,no unresolved target prerequisite in candidate base,data/production-support-decisions/hashicorp-consul/support-decision.yaml,refresh target-scoped live/e2e receipt and rerun production-disposition details,resolve image digests for each affected variant before production OCI support
metrics-server/metrics-server,3.13.0,not-production-supported,default,try-with-proof,runtime-review-needed:1;try-with-proof:1,resolve-images-before-production-oci,image-digest-resolution,target cluster class;namespace;delivery controller;storage/runtime assumptions,"complete missing live or ConfigHub lanes, then refresh target-scoped evidence",resolve image digests or record explicit exception before production OCI support,"accept, fix, or document scanner findings for supported scope",record lifecycle support boundary: recipe-hook-policy:no-hooks,no unresolved target prerequisite in candidate base,data/production-support-decisions/metrics-server-metrics-server/support-decision.yaml,refresh target-scoped live/e2e receipt and rerun production-disposition details,resolve image digests for each affected variant before production OCI support
longhorn/longhorn,1.11.2,not-production-supported,default,start-here,start-here:1;try-with-proof:1,security-acceptance-or-hardened-base,security-acceptance-or-hardened-base,target cluster class;namespace;delivery controller;storage/runtime assumptions,refresh target-scoped live/e2e evidence before support claim,resolve image digests or record explicit exception before production OCI support,record security acceptance or create hardened base,record lifecycle support boundary: recipe-hook-policy:no-hooks,no unresolved target prerequisite in candidate base,data/production-support-decisions/longhorn-longhorn/support-decision.yaml,refresh target-scoped live/e2e receipt and rerun production-disposition details,"choose the supported production base, then record explicit security acceptance or create a hardened base before claiming production support"
prometheus-community/prometheus,29.8.0,not-production-supported,default,try-with-proof,try-with-proof:2,security-acceptance-or-hardened-base,security-acceptance-or-hardened-base,target cluster class;namespace;delivery controller;storage/runtime assumptions,"complete missing live or ConfigHub lanes, then refresh target-scoped evidence",resolve image digests or record explicit exception before production OCI support,record security acceptance or create hardened base,no lifecycle-specific decision beyond standard support boundary,no unresolved target prerequisite in candidate base,data/production-support-decisions/prometheus-community-prometheus/support-decision.yaml,refresh target-scoped live/e2e receipt and rerun production-disposition details,"choose the supported production base, then record explicit security acceptance or create a hardened base before claiming production support"
secrets-store-csi-driver/secrets-store-csi-driver,1.6.0,not-production-supported,default,start-here,start-here:1;try-with-proof:1,security-acceptance-or-hardened-base,security-acceptance-or-hardened-base,target cluster class;namespace;delivery controller;storage/runtime assumptions,refresh target-scoped live/e2e evidence before support claim,resolve image digests or record explicit exception before production OCI support,record security acceptance or create hardened base,no lifecycle-specific decision beyond standard support boundary,no unresolved target prerequisite in candidate base,data/production-support-decisions/secrets-store-csi-driver-secrets-store-csi-driver/support-decision.yaml,refresh target-scoped live/e2e receipt and rerun production-disposition details,"choose the supported production base, then record explicit security acceptance or create a hardened base before claiming production support"
grafana/tempo,1.24.4,not-production-supported,local-persistent,runtime-review-needed,runtime-review-needed:1;target-prerequisite-needed:1,target-runtime-scope-review,runtime-or-prerequisite-scope,target cluster class;namespace;delivery controller;storage/runtime assumptions;runtime acceptance criteria,"resolve or accept runtime condition, then rerun target-scoped live/e2e evidence",resolve image digests or record explicit exception before production OCI support,"accept, fix, or document scanner findings for supported scope",no lifecycle-specific decision beyond standard support boundary,no unresolved target prerequisite in candidate base,data/production-support-decisions/grafana-tempo/support-decision.yaml,npm run kind-parity:run -- --chart grafana/tempo --version 1.24.4 --base local-persistent,choose whether local-persistent is in production scope; close or document its runtime-review-needed live-readiness issue first
hashicorp/vault,0.32.0,not-production-supported,default,runtime-review-needed,runtime-review-needed:2,target-runtime-scope-review,runtime-or-prerequisite-scope,target cluster class;namespace;delivery controller;storage/runtime assumptions;runtime acceptance criteria,"resolve or accept runtime condition, then rerun target-scoped live/e2e evidence",resolve image digests or record explicit exception before production OCI support,"accept, fix, or document scanner findings for supported scope",no lifecycle-specific decision beyond standard support boundary,no unresolved target prerequisite in candidate base,data/production-support-decisions/hashicorp-vault/support-decision.yaml,npm run kind-parity:run -- --chart hashicorp/vault --version 0.32.0 --base default,choose whether default is in production scope; close or document its runtime-review-needed live-readiness issue first
ingress-nginx/ingress-nginx,4.15.1,not-production-supported,default,runtime-watch,runtime-watch:1;try-with-proof:1,target-runtime-scope-review,runtime-or-prerequisite-scope,target cluster class;namespace;delivery controller;storage/runtime assumptions;runtime acceptance criteria,"resolve or accept runtime condition, then rerun target-scoped live/e2e evidence",no open image-digest gap in current queue,"accept, fix, or document scanner findings for supported scope",record lifecycle support boundary: recipe-hook-policy:no-hooks,no unresolved target prerequisite in candidate base,data/production-support-decisions/ingress-nginx-ingress-nginx/support-decision.yaml,npm run kind-parity:run -- --chart ingress-nginx/ingress-nginx --version 4.15.1 --base default,choose whether default is in production scope; close or document its runtime-watch live-readiness issue first
