proof_surface_rank,proof_surface,top20_rank,top500_rank,chart,version,latest_version,latest_status,catalog_status,production_readiness,variant_count,supported_variants,candidate_variants,start_variant,namespace,source_features,source_classification,top500_next_action,not_yet_enabled,recipe_path,package_path,catalog_path,helm_pain_report
1,top20-catalog-supported,1,,argo-cd/argo-cd,9.5.15,9.5.17,update-available,catalog-supported,production-review-ready,2,default;no-crds,,default,argocd,,,,ha (curated proof lane — bespoke teaching needed),recipes/argo-cd/argo-cd/9.5.15/recipe.yaml,packages/argo-cd/argo-cd/9.5.15,recipes/argo-cd/argo-cd/9.5.15/CATALOG.md,recipes/argo-cd/argo-cd/9.5.15/helm-pain-report.yaml
2,top20-catalog-supported,2,28,bitnami/mongodb,19.0.7,19.1.0,update-available,catalog-supported,production-review-ready,2,generated-passwords;existing-secret-replicaset,,generated-passwords,mongodb,lookup;generated-facts;tpl;capabilities;cluster-rbac;stateful-storage,P1 compiler policy needed,review source/current-version drift and refresh recipe if needed,— (no open gap: recommended capabilities built or n/a; quirks modeled — Level 2),recipes/bitnami/mongodb/19.0.7/recipe.yaml,packages/bitnami/mongodb/19.0.7,recipes/bitnami/mongodb/19.0.7/CATALOG.md,recipes/bitnami/mongodb/19.0.7/helm-pain-report.yaml
3,top20-catalog-supported,3,24,bitnami/mysql,14.0.3,14.0.3,current,catalog-supported,production-review-ready,2,generated-passwords;existing-secret,,generated-passwords,mysql,lookup;generated-facts;tpl;capabilities;stateful-storage,P0 source/dependency risk,record target-scoped support decision and refresh live/e2e observation lane,ha (curated proof lane — bespoke teaching needed),recipes/bitnami/mysql/14.0.3/recipe.yaml,packages/bitnami/mysql/14.0.3,recipes/bitnami/mysql/14.0.3/CATALOG.md,recipes/bitnami/mysql/14.0.3/helm-pain-report.yaml
4,top20-catalog-supported,4,48,bitnami/nginx,24.0.2,25.0.0,update-available,catalog-supported,production-review-ready,2,http-clusterip;existing-tls-ingress,,http-clusterip,nginx,lookup;generated-facts;tpl;capabilities,P1 compiler policy needed,record target-scoped support decision and refresh live/e2e observation lane,existing-secret (chart ships no Secret toggle),recipes/bitnami/nginx/24.0.2/recipe.yaml,packages/bitnami/nginx/24.0.2,recipes/bitnami/nginx/24.0.2/CATALOG.md,recipes/bitnami/nginx/24.0.2/helm-pain-report.yaml
5,top20-catalog-supported,5,7,bitnami/postgresql,18.6.7,18.7.0,update-available,catalog-supported,production-review-ready,2,generated-passwords;existing-secret,,generated-passwords,postgresql,lookup;generated-facts;tpl;capabilities;stateful-storage,P1 compiler policy needed,record target-scoped support decision and refresh live/e2e observation lane,ha (curated proof lane — bespoke teaching needed),recipes/bitnami/postgresql/18.6.7/recipe.yaml,packages/bitnami/postgresql/18.6.7,recipes/bitnami/postgresql/18.6.7/CATALOG.md,recipes/bitnami/postgresql/18.6.7/helm-pain-report.yaml
6,top20-catalog-supported,6,20,bitnami/rabbitmq,16.0.14,16.0.14,current,catalog-supported,production-review-ready,2,generated-passwords;existing-secret,,generated-passwords,rabbitmq,lookup;generated-facts;tpl;capabilities;stateful-storage,P0 source/dependency risk,record target-scoped support decision and refresh live/e2e observation lane,ha (curated proof lane — bespoke teaching needed),recipes/bitnami/rabbitmq/16.0.14/recipe.yaml,packages/bitnami/rabbitmq/16.0.14,recipes/bitnami/rabbitmq/16.0.14/CATALOG.md,recipes/bitnami/rabbitmq/16.0.14/helm-pain-report.yaml
7,top20-catalog-supported,7,6,bitnami/redis,25.5.3,27.0.0,update-available,catalog-supported,production-review-ready,2,default;reuse-existing-secret,,default,redis,lookup;generated-facts;tpl;capabilities;stateful-storage,P1 compiler policy needed,record target-scoped support decision and refresh live/e2e observation lane,— (no open gap: recommended capabilities built or n/a; quirks modeled — Level 2),recipes/bitnami/redis/25.5.3/recipe.yaml,packages/bitnami/redis/25.5.3,recipes/bitnami/redis/25.5.3/CATALOG.md,recipes/bitnami/redis/25.5.3/helm-pain-report.yaml
8,top20-catalog-supported,8,,external-secrets/external-secrets,2.5.0,2.5.0,current,catalog-supported,production-review-ready,2,default;no-crds,,default,external-secrets,,,,— (no open gap: recommended capabilities built or n/a; quirks modeled — Level 2),recipes/external-secrets/external-secrets/2.5.0/recipe.yaml,packages/external-secrets/external-secrets/2.5.0,recipes/external-secrets/external-secrets/2.5.0/CATALOG.md,recipes/external-secrets/external-secrets/2.5.0/helm-pain-report.yaml
9,top20-catalog-supported,9,,grafana/grafana,10.5.15,10.5.15,current,catalog-supported,production-review-ready,2,generated-passwords;existing-secret-ingress,,generated-passwords,grafana,,,,— (no open gap: recommended capabilities built or n/a; quirks modeled — Level 2),recipes/grafana/grafana/10.5.15/recipe.yaml,packages/grafana/grafana/10.5.15,recipes/grafana/grafana/10.5.15/CATALOG.md,recipes/grafana/grafana/10.5.15/helm-pain-report.yaml
10,top20-catalog-supported,10,10,grafana/loki,7.0.0,7.0.0,current,catalog-supported,production-review-ready,2,single-binary-filesystem;simple-scalable-minio,,single-binary-filesystem,loki,lookup;generated-facts;tpl;capabilities;crds;cluster-rbac;webhooks;stateful-storage,P1 compiler policy needed,record target-scoped support decision and refresh live/e2e observation lane,— (no open gap: recommended capabilities built or n/a; quirks modeled — Level 2),recipes/grafana/loki/7.0.0/recipe.yaml,packages/grafana/loki/7.0.0,recipes/grafana/loki/7.0.0/CATALOG.md,recipes/grafana/loki/7.0.0/helm-pain-report.yaml
11,top20-catalog-supported,11,,grafana/tempo,1.24.4,1.24.4,current,catalog-supported,production-review-ready,2,local-persistent;s3-query-observability,,local-persistent,tempo,,,,ha (tempo single-binary chart; HA is the separate tempo-distributed chart),recipes/grafana/tempo/1.24.4/recipe.yaml,packages/grafana/tempo/1.24.4,recipes/grafana/tempo/1.24.4/CATALOG.md,recipes/grafana/tempo/1.24.4/helm-pain-report.yaml
12,top20-catalog-supported,12,57,hashicorp/consul,2.0.0,2.0.0,current,catalog-supported,production-review-ready,2,default-control-plane;secure-mesh-existing-secrets,,default-control-plane,consul,tpl;capabilities;cluster-rbac;webhooks;stateful-storage,P2 recipe/render/install policy,review source/current-version drift and refresh recipe if needed,ha (curated proof lane — bespoke teaching needed),recipes/hashicorp/consul/2.0.0/recipe.yaml,packages/hashicorp/consul/2.0.0,recipes/hashicorp/consul/2.0.0/CATALOG.md,recipes/hashicorp/consul/2.0.0/helm-pain-report.yaml
13,top20-catalog-supported,13,12,hashicorp/vault,0.32.0,0.32.0,current,catalog-supported,production-review-ready,3,dev-mode;default;ha-raft-ui,,dev-mode,vault,tpl;capabilities;cluster-rbac;webhooks;stateful-storage,P2 recipe/render/install policy,record target-scoped support decision and refresh live/e2e observation lane,— (no open gap: recommended capabilities built or n/a; quirks modeled — Level 2),recipes/hashicorp/vault/0.32.0/recipe.yaml,packages/hashicorp/vault/0.32.0,recipes/hashicorp/vault/0.32.0/CATALOG.md,recipes/hashicorp/vault/0.32.0/helm-pain-report.yaml
14,top20-catalog-supported,14,3,ingress-nginx/ingress-nginx,4.15.1,4.15.1,current,catalog-supported,production-review-ready,3,default;admission-disabled;internal-clusterip,,default,ingress-nginx,tpl;capabilities;cluster-rbac;webhooks,P2 recipe/render/install policy,record target-scoped support decision and refresh live/e2e observation lane,— (no open gap: recommended capabilities built or n/a; quirks modeled — Level 2),recipes/ingress-nginx/ingress-nginx/4.15.1/recipe.yaml,packages/ingress-nginx/ingress-nginx/4.15.1,recipes/ingress-nginx/ingress-nginx/4.15.1/CATALOG.md,recipes/ingress-nginx/ingress-nginx/4.15.1/helm-pain-report.yaml
15,top20-catalog-supported,15,,jetstack/cert-manager,v1.20.2,v1.20.2,current,catalog-supported,production-review-ready,2,default;crds-enabled,,default,cert-manager,,,,— (no open gap: recommended capabilities built or n/a; quirks modeled — Level 2),recipes/jetstack/cert-manager/v1.20.2/recipe.yaml,packages/jetstack/cert-manager/v1.20.2,recipes/jetstack/cert-manager/v1.20.2/CATALOG.md,recipes/jetstack/cert-manager/v1.20.2/helm-pain-report.yaml
16,top20-catalog-supported,16,19,longhorn/longhorn,1.11.2,1.11.2,current,catalog-supported,production-review-ready,2,default;ui-ingress,,default,longhorn-system,generated-facts;tpl;cluster-rbac,P1 compiler policy needed,record target-scoped support decision and refresh live/e2e observation lane,— (no open gap: recommended capabilities built or n/a; quirks modeled — Level 2),recipes/longhorn/longhorn/1.11.2/recipe.yaml,packages/longhorn/longhorn/1.11.2,recipes/longhorn/longhorn/1.11.2/CATALOG.md,recipes/longhorn/longhorn/1.11.2/helm-pain-report.yaml
17,top20-catalog-supported,17,11,metrics-server/metrics-server,3.13.0,3.13.0,current,catalog-supported,production-review-ready,2,default;external-tls-ca,,default,kube-system,lookup;generated-facts;capabilities;cluster-rbac,P1 compiler policy needed,record target-scoped support decision and refresh live/e2e observation lane,existing-secret (chart ships no Secret toggle),recipes/metrics-server/metrics-server/3.13.0/recipe.yaml,packages/metrics-server/metrics-server/3.13.0,recipes/metrics-server/metrics-server/3.13.0/CATALOG.md,recipes/metrics-server/metrics-server/3.13.0/helm-pain-report.yaml
18,top20-catalog-supported,18,1,prometheus-community/kube-prometheus-stack,85.3.3,86.1.0,update-available,catalog-supported,production-review-ready,2,default;no-crds,,default,monitoring,lookup;generated-facts;tpl;capabilities;hooks;crds;cluster-rbac;webhooks;stateful-storage,P0 source/dependency risk,review source/current-version drift and refresh recipe if needed,existing-secret (chart ships no Secret toggle),recipes/prometheus-community/kube-prometheus-stack/85.3.3/recipe.yaml,packages/prometheus-community/kube-prometheus-stack/85.3.3,recipes/prometheus-community/kube-prometheus-stack/85.3.3/CATALOG.md,recipes/prometheus-community/kube-prometheus-stack/85.3.3/helm-pain-report.yaml
19,top20-catalog-supported,19,5,prometheus-community/prometheus,29.8.0,29.9.0,update-available,catalog-supported,production-review-ready,2,default;server-only-ephemeral,,default,monitoring,generated-facts;tpl;capabilities;cluster-rbac;stateful-storage,P0 source/dependency risk,record target-scoped support decision and refresh live/e2e observation lane,ha (curated proof lane — bespoke teaching needed),recipes/prometheus-community/prometheus/29.8.0/recipe.yaml,packages/prometheus-community/prometheus/29.8.0,recipes/prometheus-community/prometheus/29.8.0/CATALOG.md,recipes/prometheus-community/prometheus/29.8.0/helm-pain-report.yaml
20,top20-catalog-supported,20,,secrets-store-csi-driver/secrets-store-csi-driver,1.6.0,1.6.0,current,catalog-supported,production-review-ready,2,default;sync-secret-rotation,,default,kube-system,,,,— (no open gap: recommended capabilities built or n/a; quirks modeled — Level 2),recipes/secrets-store-csi-driver/secrets-store-csi-driver/1.6.0/recipe.yaml,packages/secrets-store-csi-driver/secrets-store-csi-driver/1.6.0,recipes/secrets-store-csi-driver/secrets-store-csi-driver/1.6.0/CATALOG.md,recipes/secrets-store-csi-driver/secrets-store-csi-driver/1.6.0/helm-pain-report.yaml
21,next80-proof-grade,,8,traefik/traefik,40.2.0,,,proof-grade,not-reviewed-for-production,2,,default;no-crds,default,default,lookup;generated-facts;tpl;capabilities;crds;cluster-rbac;webhooks;stateful-storage,P1 compiler policy needed,run catalog promotion review,existing-secret (chart ships no Secret toggle),recipes/traefik/traefik/40.2.0/recipe.yaml,packages/traefik/traefik/40.2.0,recipes/traefik/traefik/40.2.0/CATALOG.md,recipes/traefik/traefik/40.2.0/helm-pain-report.yaml
22,next80-proof-grade,,18,external-dns/external-dns,1.21.1,,,proof-grade,not-reviewed-for-production,3,,default;no-crds;dry-run-txt-registry,default,default,tpl;crds;cluster-rbac,P2 recipe/render/install policy,run catalog promotion review,— (no open gap: recommended capabilities built or n/a; quirks modeled — Level 2),recipes/external-dns/external-dns/1.21.1/recipe.yaml,packages/external-dns/external-dns/1.21.1,recipes/external-dns/external-dns/1.21.1/CATALOG.md,recipes/external-dns/external-dns/1.21.1/helm-pain-report.yaml
23,next80-proof-grade,,21,gitlab/gitlab-runner,0.89.0,,,proof-grade,not-reviewed-for-production,1,,default,default,default,generated-facts;tpl;capabilities,P0 source/dependency risk,add user-shaped variants before catalog promotion,— (no open gap: recommended capabilities built or n/a; quirks modeled — Level 2),recipes/gitlab/gitlab-runner/0.89.0/recipe.yaml,packages/gitlab/gitlab-runner/0.89.0,recipes/gitlab/gitlab-runner/0.89.0/CATALOG.md,recipes/gitlab/gitlab-runner/0.89.0/helm-pain-report.yaml
24,next80-proof-grade,,38,kyverno/kyverno,3.8.1,,,proof-grade,not-reviewed-for-production,2,,default;no-crds,default,default,lookup;generated-facts;tpl;capabilities;hooks;crds;cluster-rbac;stateful-storage,P0 source/dependency risk,run catalog promotion review,existing-secret (chart ships no Secret toggle),recipes/kyverno/kyverno/3.8.1/recipe.yaml,packages/kyverno/kyverno/3.8.1,recipes/kyverno/kyverno/3.8.1/CATALOG.md,recipes/kyverno/kyverno/3.8.1/helm-pain-report.yaml
25,next80-proof-grade,,41,cloudnative-pg/cloudnative-pg,0.28.2,,,proof-grade,not-reviewed-for-production,2,,default;no-crds,default,default,generated-facts;tpl;crds;cluster-rbac;webhooks,P0 source/dependency risk,run catalog promotion review,— (no open gap: recommended capabilities built or n/a; quirks modeled — Level 2),recipes/cloudnative-pg/cloudnative-pg/0.28.2/recipe.yaml,packages/cloudnative-pg/cloudnative-pg/0.28.2,recipes/cloudnative-pg/cloudnative-pg/0.28.2/CATALOG.md,recipes/cloudnative-pg/cloudnative-pg/0.28.2/helm-pain-report.yaml
26,next80-proof-grade,,42,fluent/fluent-bit,0.57.6,,,proof-grade,not-reviewed-for-production,1,,default,default,default,tpl;capabilities;hooks;cluster-rbac,P1 compiler policy needed,add user-shaped variants before catalog promotion,— (no open gap: recommended capabilities built or n/a; quirks modeled — Level 2),recipes/fluent/fluent-bit/0.57.6/recipe.yaml,packages/fluent/fluent-bit/0.57.6,recipes/fluent/fluent-bit/0.57.6/CATALOG.md,recipes/fluent/fluent-bit/0.57.6/helm-pain-report.yaml
27,next80-proof-grade,,45,runix/pgadmin4,1.62.0,,,proof-grade,not-reviewed-for-production,1,,default,default,default,tpl;capabilities;stateful-storage,P2 recipe/render/install policy,add user-shaped variants before catalog promotion,— (no open gap: recommended capabilities built or n/a; quirks modeled — Level 2),recipes/runix/pgadmin4/1.62.0/recipe.yaml,packages/runix/pgadmin4/1.62.0,recipes/runix/pgadmin4/1.62.0/CATALOG.md,recipes/runix/pgadmin4/1.62.0/helm-pain-report.yaml
28,next80-proof-grade,,51,nfs-subdir-external-provisioner/nfs-subdir-external-provisioner,4.0.18,,,proof-grade,not-reviewed-for-production,1,,default,default,default,capabilities;cluster-rbac;stateful-storage,P2 recipe/render/install policy,add user-shaped variants before catalog promotion,— (no open gap: recommended capabilities built or n/a; quirks modeled — Level 2),recipes/nfs-subdir-external-provisioner/nfs-subdir-external-provisioner/4.0.18/recipe.yaml,packages/nfs-subdir-external-provisioner/nfs-subdir-external-provisioner/4.0.18,recipes/nfs-subdir-external-provisioner/nfs-subdir-external-provisioner/4.0.18/CATALOG.md,recipes/nfs-subdir-external-provisioner/nfs-subdir-external-provisioner/4.0.18/helm-pain-report.yaml
29,next80-proof-grade,,53,kedacore/keda,2.19.0,,,proof-grade,not-reviewed-for-production,2,,default;no-crds,default,default,tpl;capabilities;crds;cluster-rbac;webhooks,P2 recipe/render/install policy,run catalog promotion review,— (no open gap: recommended capabilities built or n/a; quirks modeled — Level 2),recipes/kedacore/keda/2.19.0/recipe.yaml,packages/kedacore/keda/2.19.0,recipes/kedacore/keda/2.19.0/CATALOG.md,recipes/kedacore/keda/2.19.0/helm-pain-report.yaml
30,next80-proof-grade,,58,prometheus-community/kube-state-metrics,7.4.0,,,proof-grade,not-reviewed-for-production,2,,default;cluster-metrics-readonly,default,default,generated-facts;tpl;capabilities;cluster-rbac;stateful-storage,P1 compiler policy needed,add user-shaped variants before catalog promotion,— (no open gap: recommended capabilities built or n/a; quirks modeled — Level 2),recipes/prometheus-community/kube-state-metrics/7.4.0/recipe.yaml,packages/prometheus-community/kube-state-metrics/7.4.0,recipes/prometheus-community/kube-state-metrics/7.4.0/CATALOG.md,recipes/prometheus-community/kube-state-metrics/7.4.0/helm-pain-report.yaml
31,next80-proof-grade,,60,elastic/eck-operator,3.4.0,,,proof-grade,not-reviewed-for-production,3,,default;ha;no-crds,default,default,tpl;capabilities;cluster-rbac;webhooks;stateful-storage,P2 recipe/render/install policy,run catalog promotion review,— (no open gap: recommended capabilities built or n/a; quirks modeled — Level 2),recipes/elastic/eck-operator/3.4.0/recipe.yaml,packages/elastic/eck-operator/3.4.0,recipes/elastic/eck-operator/3.4.0/CATALOG.md,recipes/elastic/eck-operator/3.4.0/helm-pain-report.yaml
32,next80-proof-grade,,62,elastic/kibana,8.5.1,,,proof-grade,not-reviewed-for-production,1,,default,default,default,tpl,P2 recipe/render/install policy,add user-shaped variants before catalog promotion,— (no open gap: recommended capabilities built or n/a; quirks modeled — Level 2),recipes/elastic/kibana/8.5.1/recipe.yaml,packages/elastic/kibana/8.5.1,recipes/elastic/kibana/8.5.1/CATALOG.md,recipes/elastic/kibana/8.5.1/helm-pain-report.yaml
33,next80-proof-grade,,64,descheduler/descheduler,0.36.0,,,proof-grade,not-reviewed-for-production,1,,default,default,default,tpl;cluster-rbac,P2 recipe/render/install policy,add user-shaped variants before catalog promotion,— (no open gap: recommended capabilities built or n/a; quirks modeled — Level 2),recipes/descheduler/descheduler/0.36.0/recipe.yaml,packages/descheduler/descheduler/0.36.0,recipes/descheduler/descheduler/0.36.0/CATALOG.md,recipes/descheduler/descheduler/0.36.0/helm-pain-report.yaml
34,next80-proof-grade,,65,prometheus-community/prometheus-blackbox-exporter,11.10.0,,,proof-grade,not-reviewed-for-production,2,,default;cluster-metrics-readonly,default,default,tpl;capabilities,P2 recipe/render/install policy,add user-shaped variants before catalog promotion,— (no open gap: recommended capabilities built or n/a; quirks modeled — Level 2),recipes/prometheus-community/prometheus-blackbox-exporter/11.10.0/recipe.yaml,packages/prometheus-community/prometheus-blackbox-exporter/11.10.0,recipes/prometheus-community/prometheus-blackbox-exporter/11.10.0/CATALOG.md,recipes/prometheus-community/prometheus-blackbox-exporter/11.10.0/helm-pain-report.yaml
35,next80-proof-grade,,66,bitnami/elasticsearch,22.1.6,,,proof-grade,not-reviewed-for-production,2,,default;ha,default,default,lookup;generated-facts;tpl;capabilities;stateful-storage,P0 source/dependency risk,"create recipe, package, variants, rendered digest, scans, and receipts",existing-secret (chart ships no Secret toggle),recipes/bitnami/elasticsearch/22.1.6/recipe.yaml,packages/bitnami/elasticsearch/22.1.6,recipes/bitnami/elasticsearch/22.1.6/CATALOG.md,recipes/bitnami/elasticsearch/22.1.6/helm-pain-report.yaml
36,next80-proof-grade,,67,stakater/reloader,2.2.12,,,proof-grade,not-reviewed-for-production,2,,default;controller-default-reviewed,default,default,tpl;capabilities;cluster-rbac,P2 recipe/render/install policy,review source/current-version drift and refresh recipe if needed,— (no open gap: recommended capabilities built or n/a; quirks modeled — Level 2),recipes/stakater/reloader/2.2.12/recipe.yaml,packages/stakater/reloader/2.2.12,recipes/stakater/reloader/2.2.12/CATALOG.md,recipes/stakater/reloader/2.2.12/helm-pain-report.yaml
37,next80-proof-grade,,70,jaegertracing/jaeger,4.8.0,,,proof-grade,not-reviewed-for-production,1,,default,default,default,lookup;generated-facts;tpl;capabilities,P0 source/dependency risk,add user-shaped variants before catalog promotion,existing-secret (chart ships no Secret toggle),recipes/jaegertracing/jaeger/4.8.0/recipe.yaml,packages/jaegertracing/jaeger/4.8.0,recipes/jaegertracing/jaeger/4.8.0/CATALOG.md,recipes/jaegertracing/jaeger/4.8.0/helm-pain-report.yaml
38,next80-proof-grade,,74,grafana/alloy,1.8.2,,,proof-grade,not-reviewed-for-production,2,,default;no-crds,default,default,tpl;capabilities;crds;cluster-rbac;stateful-storage,P2 recipe/render/install policy,review source/current-version drift and refresh recipe if needed,— (no open gap: recommended capabilities built or n/a; quirks modeled — Level 2),recipes/grafana/alloy/1.8.2/recipe.yaml,packages/grafana/alloy/1.8.2,recipes/grafana/alloy/1.8.2/CATALOG.md,recipes/grafana/alloy/1.8.2/helm-pain-report.yaml
39,next80-proof-grade,,78,nats/nats,2.14.0,,,proof-grade,not-reviewed-for-production,2,,default;ha,default,default,tpl,P2 recipe/render/install policy,run catalog promotion review,— (no open gap: recommended capabilities built or n/a; quirks modeled — Level 2),recipes/nats/nats/2.14.0/recipe.yaml,packages/nats/nats/2.14.0,recipes/nats/nats/2.14.0/CATALOG.md,recipes/nats/nats/2.14.0/helm-pain-report.yaml
40,next80-proof-grade,,80,dex/dex,0.24.0,,,proof-grade,not-reviewed-for-production,1,,default,default,default,tpl;capabilities;cluster-rbac,P2 recipe/render/install policy,add user-shaped variants before catalog promotion,— (no open gap: recommended capabilities built or n/a; quirks modeled — Level 2),recipes/dex/dex/0.24.0/recipe.yaml,packages/dex/dex/0.24.0,recipes/dex/dex/0.24.0/CATALOG.md,recipes/dex/dex/0.24.0/helm-pain-report.yaml
41,next80-proof-grade,,88,prometheus-community/alertmanager,1.37.0,,,proof-grade,not-reviewed-for-production,2,,default;ha,default,default,tpl;stateful-storage,P2 recipe/render/install policy,run catalog promotion review,— (no open gap: recommended capabilities built or n/a; quirks modeled — Level 2),recipes/prometheus-community/alertmanager/1.37.0/recipe.yaml,packages/prometheus-community/alertmanager/1.37.0,recipes/prometheus-community/alertmanager/1.37.0/CATALOG.md,recipes/prometheus-community/alertmanager/1.37.0/helm-pain-report.yaml
42,next80-proof-grade,,90,falcosecurity/falco,9.0.0,,,proof-grade,not-reviewed-for-production,1,,default,default,default,lookup;tpl;capabilities;cluster-rbac;stateful-storage,P0 source/dependency risk,review source/current-version drift and refresh recipe if needed,— (no open gap: recommended capabilities built or n/a; quirks modeled — Level 2),recipes/falcosecurity/falco/9.0.0/recipe.yaml,packages/falcosecurity/falco/9.0.0,recipes/falcosecurity/falco/9.0.0/CATALOG.md,recipes/falcosecurity/falco/9.0.0/helm-pain-report.yaml
43,next80-proof-grade,,94,prometheus-community/prometheus-node-exporter,4.55.0,,,proof-grade,not-reviewed-for-production,1,,default,default,default,generated-facts;tpl;capabilities;cluster-rbac,P1 compiler policy needed,add user-shaped variants before catalog promotion,— (no open gap: recommended capabilities built or n/a; quirks modeled — Level 2),recipes/prometheus-community/prometheus-node-exporter/4.55.0/recipe.yaml,packages/prometheus-community/prometheus-node-exporter/4.55.0,recipes/prometheus-community/prometheus-node-exporter/4.55.0/CATALOG.md,recipes/prometheus-community/prometheus-node-exporter/4.55.0/helm-pain-report.yaml
44,next80-proof-grade,,101,bitnami/spark,10.0.3,,,proof-grade,not-reviewed-for-production,2,,default;ha,default,default,lookup;generated-facts;tpl;capabilities;stateful-storage,P0 source/dependency risk,run catalog promotion review,existing-secret (chart ships no Secret toggle),recipes/bitnami/spark/10.0.3/recipe.yaml,packages/bitnami/spark/10.0.3,recipes/bitnami/spark/10.0.3/CATALOG.md,recipes/bitnami/spark/10.0.3/helm-pain-report.yaml
45,next80-proof-grade,,107,elastic/logstash,8.5.1,,,proof-grade,not-reviewed-for-production,2,,default;ha,default,default,tpl;capabilities;stateful-storage,P2 recipe/render/install policy,run catalog promotion review,— (no open gap: recommended capabilities built or n/a; quirks modeled — Level 2),recipes/elastic/logstash/8.5.1/recipe.yaml,packages/elastic/logstash/8.5.1,recipes/elastic/logstash/8.5.1/CATALOG.md,recipes/elastic/logstash/8.5.1/helm-pain-report.yaml
46,next80-proof-grade,,118,prometheus-community/prometheus-adapter,5.3.0,,,proof-grade,not-reviewed-for-production,2,,default;cluster-metrics-readonly,default,default,tpl;capabilities;cluster-rbac,P2 recipe/render/install policy,add user-shaped variants before catalog promotion,— (no open gap: recommended capabilities built or n/a; quirks modeled — Level 2),recipes/prometheus-community/prometheus-adapter/5.3.0/recipe.yaml,packages/prometheus-community/prometheus-adapter/5.3.0,recipes/prometheus-community/prometheus-adapter/5.3.0/CATALOG.md,recipes/prometheus-community/prometheus-adapter/5.3.0/helm-pain-report.yaml
47,next80-proof-grade,,126,projectcalico/tigera-operator,v3.32.0,,,proof-grade,not-reviewed-for-production,1,,default,default,default,lookup;hooks;cluster-rbac,P1 compiler policy needed,add user-shaped variants before catalog promotion,— (no open gap: recommended capabilities built or n/a; quirks modeled — Level 2),recipes/projectcalico/tigera-operator/v3.32.0/recipe.yaml,packages/projectcalico/tigera-operator/v3.32.0,recipes/projectcalico/tigera-operator/v3.32.0/CATALOG.md,recipes/projectcalico/tigera-operator/v3.32.0/helm-pain-report.yaml
48,next80-proof-grade,,130,fairwinds-stable/goldilocks,10.3.0,,,proof-grade,not-reviewed-for-production,1,,default,default,default,lookup;generated-facts;tpl;capabilities;crds;cluster-rbac;webhooks,P0 source/dependency risk,add user-shaped variants before catalog promotion,existing-secret (chart ships no Secret toggle),recipes/fairwinds-stable/goldilocks/10.3.0/recipe.yaml,packages/fairwinds-stable/goldilocks/10.3.0,recipes/fairwinds-stable/goldilocks/10.3.0/CATALOG.md,recipes/fairwinds-stable/goldilocks/10.3.0/helm-pain-report.yaml
49,next80-proof-grade,,133,prometheus-community/prometheus-operator-crds,29.0.0,,,proof-grade,not-reviewed-for-production,1,,default,default,default,generated-facts;crds,P1 compiler policy needed,add user-shaped variants before catalog promotion,— (no open gap: recommended capabilities built or n/a; quirks modeled — Level 2),recipes/prometheus-community/prometheus-operator-crds/29.0.0/recipe.yaml,packages/prometheus-community/prometheus-operator-crds/29.0.0,recipes/prometheus-community/prometheus-operator-crds/29.0.0/CATALOG.md,recipes/prometheus-community/prometheus-operator-crds/29.0.0/helm-pain-report.yaml
50,next80-proof-grade,,139,bitnami/zookeeper,13.8.7,,,proof-grade,not-reviewed-for-production,2,,default;ha,default,default,lookup;generated-facts;tpl;capabilities;stateful-storage,P0 source/dependency risk,run catalog promotion review,existing-secret (chart ships no Secret toggle),recipes/bitnami/zookeeper/13.8.7/recipe.yaml,packages/bitnami/zookeeper/13.8.7,recipes/bitnami/zookeeper/13.8.7/CATALOG.md,recipes/bitnami/zookeeper/13.8.7/helm-pain-report.yaml
51,next80-proof-grade,,140,elastic/filebeat,8.5.1,,,proof-grade,not-reviewed-for-production,2,,default;node-or-cluster-collector,default,default,tpl;cluster-rbac,P2 recipe/render/install policy,add user-shaped variants before catalog promotion,— (no open gap: recommended capabilities built or n/a; quirks modeled — Level 2),recipes/elastic/filebeat/8.5.1/recipe.yaml,packages/elastic/filebeat/8.5.1,recipes/elastic/filebeat/8.5.1/CATALOG.md,recipes/elastic/filebeat/8.5.1/helm-pain-report.yaml
52,next80-proof-grade,,141,hashicorp/terraform,1.1.2,,,proof-grade,not-reviewed-for-production,2,,default;no-crds,default,default,crds,P2 recipe/render/install policy,run catalog promotion review,— (no open gap: recommended capabilities built or n/a; quirks modeled — Level 2),recipes/hashicorp/terraform/1.1.2/recipe.yaml,packages/hashicorp/terraform/1.1.2,recipes/hashicorp/terraform/1.1.2/CATALOG.md,recipes/hashicorp/terraform/1.1.2/helm-pain-report.yaml
53,next80-proof-grade,,143,coredns/coredns,1.45.2,,,proof-grade,not-reviewed-for-production,1,,default,default,default,generated-facts;tpl;capabilities;cluster-rbac,P1 compiler policy needed,add user-shaped variants before catalog promotion,— (no open gap: recommended capabilities built or n/a; quirks modeled — Level 2),recipes/coredns/coredns/1.45.2/recipe.yaml,packages/coredns/coredns/1.45.2,recipes/coredns/coredns/1.45.2/CATALOG.md,recipes/coredns/coredns/1.45.2/helm-pain-report.yaml
54,next80-proof-grade,,148,fairwinds-stable/vpa,4.11.0,,,proof-grade,not-reviewed-for-production,2,,default;no-crds,default,default,lookup;tpl;capabilities;crds;cluster-rbac;webhooks,P1 compiler policy needed,run catalog promotion review,— (no open gap: recommended capabilities built or n/a; quirks modeled — Level 2),recipes/fairwinds-stable/vpa/4.11.0/recipe.yaml,packages/fairwinds-stable/vpa/4.11.0,recipes/fairwinds-stable/vpa/4.11.0/CATALOG.md,recipes/fairwinds-stable/vpa/4.11.0/helm-pain-report.yaml
55,next80-proof-grade,,162,bitnami/phpmyadmin,20.0.0,,,proof-grade,not-reviewed-for-production,1,,default,default,default,lookup;generated-facts;tpl;capabilities;stateful-storage,P0 source/dependency risk,add user-shaped variants before catalog promotion,existing-secret (chart ships no Secret toggle),recipes/bitnami/phpmyadmin/20.0.0/recipe.yaml,packages/bitnami/phpmyadmin/20.0.0,recipes/bitnami/phpmyadmin/20.0.0/CATALOG.md,recipes/bitnami/phpmyadmin/20.0.0/helm-pain-report.yaml
56,next80-proof-grade,,167,prometheus-community/prometheus-pushgateway,3.6.0,,,proof-grade,not-reviewed-for-production,1,,default,default,default,tpl;stateful-storage,P1 compiler policy needed,add user-shaped variants before catalog promotion,— (no open gap: recommended capabilities built or n/a; quirks modeled — Level 2),recipes/prometheus-community/prometheus-pushgateway/3.6.0/recipe.yaml,packages/prometheus-community/prometheus-pushgateway/3.6.0,recipes/prometheus-community/prometheus-pushgateway/3.6.0/CATALOG.md,recipes/prometheus-community/prometheus-pushgateway/3.6.0/helm-pain-report.yaml
57,next80-proof-grade,,175,fluent/fluentd,0.5.3,,,proof-grade,not-reviewed-for-production,1,,default,default,default,tpl;capabilities;cluster-rbac;stateful-storage,P2 recipe/render/install policy,"create recipe, package, variants, rendered digest, scans, and receipts",— (no open gap: recommended capabilities built or n/a; quirks modeled — Level 2),recipes/fluent/fluentd/0.5.3/recipe.yaml,packages/fluent/fluentd/0.5.3,recipes/fluent/fluentd/0.5.3/CATALOG.md,recipes/fluent/fluentd/0.5.3/helm-pain-report.yaml
58,next80-proof-grade,,179,jaegertracing/jaeger-operator,2.57.0,,,proof-grade,not-reviewed-for-production,2,,default;no-crds,default,default,crds;webhooks,P2 recipe/render/install policy,run catalog promotion review,— (no open gap: recommended capabilities built or n/a; quirks modeled — Level 2),recipes/jaegertracing/jaeger-operator/2.57.0/recipe.yaml,packages/jaegertracing/jaeger-operator/2.57.0,recipes/jaegertracing/jaeger-operator/2.57.0/CATALOG.md,recipes/jaegertracing/jaeger-operator/2.57.0/helm-pain-report.yaml
59,next80-proof-grade,,182,bitnami/memcached,8.5.5,,,proof-grade,not-reviewed-for-production,1,,default,default,default,lookup;generated-facts;tpl;capabilities;stateful-storage,P1 compiler policy needed,add user-shaped variants before catalog promotion,existing-secret (chart ships no Secret toggle),recipes/bitnami/memcached/8.5.5/recipe.yaml,packages/bitnami/memcached/8.5.5,recipes/bitnami/memcached/8.5.5/CATALOG.md,recipes/bitnami/memcached/8.5.5/helm-pain-report.yaml
60,next80-proof-grade,,186,strimzi/strimzi-kafka-operator,1.0.0,,,proof-grade,not-reviewed-for-production,2,,default;no-crds,default,default,tpl;capabilities;crds;cluster-rbac,P2 recipe/render/install policy,run catalog promotion review,— (no open gap: recommended capabilities built or n/a; quirks modeled — Level 2),recipes/strimzi/strimzi-kafka-operator/1.0.0/recipe.yaml,packages/strimzi/strimzi-kafka-operator/1.0.0,recipes/strimzi/strimzi-kafka-operator/1.0.0/CATALOG.md,recipes/strimzi/strimzi-kafka-operator/1.0.0/helm-pain-report.yaml
61,next80-proof-grade,,190,opencost/opencost,2.5.21,,,proof-grade,not-reviewed-for-production,1,,default,default,default,tpl;capabilities;cluster-rbac;stateful-storage,P2 recipe/render/install policy,review source/current-version drift and refresh recipe if needed,— (no open gap: recommended capabilities built or n/a; quirks modeled — Level 2),recipes/opencost/opencost/2.5.21/recipe.yaml,packages/opencost/opencost/2.5.21,recipes/opencost/opencost/2.5.21/CATALOG.md,recipes/opencost/opencost/2.5.21/helm-pain-report.yaml
62,next80-proof-grade,,203,gatekeeper/gatekeeper,3.22.2,,,proof-grade,not-reviewed-for-production,2,,default;no-crds,default,default,capabilities;hooks;crds;cluster-rbac;webhooks,P1 compiler policy needed,review source/current-version drift and refresh recipe if needed,— (no open gap: recommended capabilities built or n/a; quirks modeled — Level 2),recipes/gatekeeper/gatekeeper/3.22.2/recipe.yaml,packages/gatekeeper/gatekeeper/3.22.2,recipes/gatekeeper/gatekeeper/3.22.2/CATALOG.md,recipes/gatekeeper/gatekeeper/3.22.2/helm-pain-report.yaml
63,next80-proof-grade,,205,bitnami/contour,21.1.4,,,proof-grade,not-reviewed-for-production,2,,default;no-crds,default,default,lookup;generated-facts;tpl;capabilities;crds;cluster-rbac,P0 source/dependency risk,run catalog promotion review,existing-secret (chart ships no Secret toggle),recipes/bitnami/contour/21.1.4/recipe.yaml,packages/bitnami/contour/21.1.4,recipes/bitnami/contour/21.1.4/CATALOG.md,recipes/bitnami/contour/21.1.4/helm-pain-report.yaml
64,next80-proof-grade,,215,kyverno/kyverno-policies,3.8.0,,,proof-grade,not-reviewed-for-production,1,,default,default,default,lookup;tpl,P1 compiler policy needed,review source/current-version drift and refresh recipe if needed,— (no open gap: recommended capabilities built or n/a; quirks modeled — Level 2),recipes/kyverno/kyverno-policies/3.8.0/recipe.yaml,packages/kyverno/kyverno-policies/3.8.0,recipes/kyverno/kyverno-policies/3.8.0/CATALOG.md,recipes/kyverno/kyverno-policies/3.8.0/helm-pain-report.yaml
65,next80-proof-grade,,308,elastic/metricbeat,8.5.1,,,proof-grade,not-reviewed-for-production,1,,default,default,default,tpl;capabilities;cluster-rbac;stateful-storage,P2 recipe/render/install policy,add user-shaped variants before catalog promotion,— (no open gap: recommended capabilities built or n/a; quirks modeled — Level 2),recipes/elastic/metricbeat/8.5.1/recipe.yaml,packages/elastic/metricbeat/8.5.1,recipes/elastic/metricbeat/8.5.1/CATALOG.md,recipes/elastic/metricbeat/8.5.1/helm-pain-report.yaml
66,next80-proof-grade,,336,minio-operator/operator,7.1.1,,,proof-grade,not-reviewed-for-production,1,,default,default,default,cluster-rbac,P2 recipe/render/install policy,add user-shaped variants before catalog promotion,no-crds (template-baked CRDs; no clean chart toggle yet),recipes/minio-operator/operator/7.1.1/recipe.yaml,packages/minio-operator/operator/7.1.1,recipes/minio-operator/operator/7.1.1/CATALOG.md,recipes/minio-operator/operator/7.1.1/helm-pain-report.yaml
67,next80-proof-grade,,338,percona/pxc-operator,1.19.1,,,proof-grade,not-reviewed-for-production,2,,default;no-crds,default,default,lookup;crds;cluster-rbac,P1 compiler policy needed,run catalog promotion review,— (no open gap: recommended capabilities built or n/a; quirks modeled — Level 2),recipes/percona/pxc-operator/1.19.1/recipe.yaml,packages/percona/pxc-operator/1.19.1,recipes/percona/pxc-operator/1.19.1/CATALOG.md,recipes/percona/pxc-operator/1.19.1/helm-pain-report.yaml
68,next80-proof-grade,,371,bitnami/apache,11.4.29,,,proof-grade,not-reviewed-for-production,1,,default,default,default,lookup;generated-facts;tpl;capabilities,P0 source/dependency risk,add user-shaped variants before catalog promotion,existing-secret (chart ships no Secret toggle),recipes/bitnami/apache/11.4.29/recipe.yaml,packages/bitnami/apache/11.4.29,recipes/bitnami/apache/11.4.29/CATALOG.md,recipes/bitnami/apache/11.4.29/helm-pain-report.yaml
69,next80-proof-grade,,388,grafana/pyroscope,2.0.2,,,proof-grade,not-reviewed-for-production,3,,default;ha;no-crds,default,default,lookup;generated-facts;tpl;capabilities;crds;cluster-rbac;stateful-storage,P1 compiler policy needed,run catalog promotion review,existing-secret (chart ships no Secret toggle),recipes/grafana/pyroscope/2.0.2/recipe.yaml,packages/grafana/pyroscope/2.0.2,recipes/grafana/pyroscope/2.0.2/CATALOG.md,recipes/grafana/pyroscope/2.0.2/helm-pain-report.yaml
70,next80-proof-grade,,452,aws-ebs-csi-driver/aws-ebs-csi-driver,2.60.1,,,proof-grade,not-reviewed-for-production,1,,default,default,default,tpl;capabilities;cluster-rbac,P2 recipe/render/install policy,add user-shaped variants before catalog promotion,— (no open gap: recommended capabilities built or n/a; quirks modeled — Level 2),recipes/aws-ebs-csi-driver/aws-ebs-csi-driver/2.60.1/recipe.yaml,packages/aws-ebs-csi-driver/aws-ebs-csi-driver/2.60.1,recipes/aws-ebs-csi-driver/aws-ebs-csi-driver/2.60.1/CATALOG.md,recipes/aws-ebs-csi-driver/aws-ebs-csi-driver/2.60.1/helm-pain-report.yaml
71,next80-proof-grade,,499,falcosecurity/falcosidekick,0.13.1,,,proof-grade,not-reviewed-for-production,1,,default,default,default,capabilities;cluster-rbac;stateful-storage,P2 recipe/render/install policy,add user-shaped variants before catalog promotion,— (no open gap: recommended capabilities built or n/a; quirks modeled — Level 2),recipes/falcosecurity/falcosidekick/0.13.1/recipe.yaml,packages/falcosecurity/falcosidekick/0.13.1,recipes/falcosecurity/falcosidekick/0.13.1/CATALOG.md,recipes/falcosecurity/falcosidekick/0.13.1/helm-pain-report.yaml
72,next80-proof-grade,,,aqua/trivy-operator,0.32.1,,,proof-grade,not-reviewed-for-production,2,,default;no-crds,default,default,,,,— (no open gap: recommended capabilities built or n/a; quirks modeled — Level 2),recipes/aqua/trivy-operator/0.32.1/recipe.yaml,packages/aqua/trivy-operator/0.32.1,recipes/aqua/trivy-operator/0.32.1/CATALOG.md,recipes/aqua/trivy-operator/0.32.1/helm-pain-report.yaml
73,next80-proof-grade,,,argo-cd/argo-events,2.4.21,,,proof-grade,not-reviewed-for-production,2,,default;no-crds,default,default,,,,— (no open gap: recommended capabilities built or n/a; quirks modeled — Level 2),recipes/argo-cd/argo-events/2.4.21/recipe.yaml,packages/argo-cd/argo-events/2.4.21,recipes/argo-cd/argo-events/2.4.21/CATALOG.md,recipes/argo-cd/argo-events/2.4.21/helm-pain-report.yaml
74,next80-proof-grade,,,argo-cd/argo-rollouts,2.40.9,,,proof-grade,not-reviewed-for-production,2,,default;no-crds,default,default,,,,— (no open gap: recommended capabilities built or n/a; quirks modeled — Level 2),recipes/argo-cd/argo-rollouts/2.40.9/recipe.yaml,packages/argo-cd/argo-rollouts/2.40.9,recipes/argo-cd/argo-rollouts/2.40.9/CATALOG.md,recipes/argo-cd/argo-rollouts/2.40.9/helm-pain-report.yaml
75,next80-proof-grade,,,argo-cd/argo-workflows,1.0.14,,,proof-grade,not-reviewed-for-production,2,,default;controller-default-reviewed,default,default,,,,— (no open gap: recommended capabilities built or n/a; quirks modeled — Level 2),recipes/argo-cd/argo-workflows/1.0.14/recipe.yaml,packages/argo-cd/argo-workflows/1.0.14,recipes/argo-cd/argo-workflows/1.0.14/CATALOG.md,recipes/argo-cd/argo-workflows/1.0.14/helm-pain-report.yaml
76,next80-proof-grade,,,argo-cd/argocd-image-updater,1.2.2,,,proof-grade,not-reviewed-for-production,1,,default,default,default,,,,no-crds (template-baked CRDs; no clean chart toggle yet),recipes/argo-cd/argocd-image-updater/1.2.2/recipe.yaml,packages/argo-cd/argocd-image-updater/1.2.2,recipes/argo-cd/argocd-image-updater/1.2.2/CATALOG.md,recipes/argo-cd/argocd-image-updater/1.2.2/helm-pain-report.yaml
77,next80-proof-grade,,,autoscaler/cluster-autoscaler,9.57.0,,,proof-grade,not-reviewed-for-production,2,,default;controller-default-reviewed,default,default,,,,— (no open gap: recommended capabilities built or n/a; quirks modeled — Level 2),recipes/autoscaler/cluster-autoscaler/9.57.0/recipe.yaml,packages/autoscaler/cluster-autoscaler/9.57.0,recipes/autoscaler/cluster-autoscaler/9.57.0/CATALOG.md,recipes/autoscaler/cluster-autoscaler/9.57.0/helm-pain-report.yaml
78,next80-proof-grade,,,autoscaler/vertical-pod-autoscaler,0.9.0,,,proof-grade,not-reviewed-for-production,2,,default;no-crds,default,default,,,,— (no open gap: recommended capabilities built or n/a; quirks modeled — Level 2),recipes/autoscaler/vertical-pod-autoscaler/0.9.0/recipe.yaml,packages/autoscaler/vertical-pod-autoscaler/0.9.0,recipes/autoscaler/vertical-pod-autoscaler/0.9.0/CATALOG.md,recipes/autoscaler/vertical-pod-autoscaler/0.9.0/helm-pain-report.yaml
79,next80-proof-grade,,,bitnami/opensearch,2.0.10,,,proof-grade,not-reviewed-for-production,2,,default;ha,default,default,,,,— (no open gap: recommended capabilities built or n/a; quirks modeled — Level 2),recipes/bitnami/opensearch/2.0.10/recipe.yaml,packages/bitnami/opensearch/2.0.10,recipes/bitnami/opensearch/2.0.10/CATALOG.md,recipes/bitnami/opensearch/2.0.10/helm-pain-report.yaml
80,next80-proof-grade,,,crossplane-stable/crossplane,2.3.1,,,proof-grade,not-reviewed-for-production,1,,default,default,default,,,,— (no open gap: recommended capabilities built or n/a; quirks modeled — Level 2),recipes/crossplane-stable/crossplane/2.3.1/recipe.yaml,packages/crossplane-stable/crossplane/2.3.1,recipes/crossplane-stable/crossplane/2.3.1/CATALOG.md,recipes/crossplane-stable/crossplane/2.3.1/helm-pain-report.yaml
81,next80-proof-grade,,,grafana/promtail,6.17.1,,,proof-grade,not-reviewed-for-production,1,,default,default,default,,,,— (no open gap: recommended capabilities built or n/a; quirks modeled — Level 2),recipes/grafana/promtail/6.17.1/recipe.yaml,packages/grafana/promtail/6.17.1,recipes/grafana/promtail/6.17.1/CATALOG.md,recipes/grafana/promtail/6.17.1/helm-pain-report.yaml
82,next80-proof-grade,,,grafana/rollout-operator,0.49.0,,,proof-grade,not-reviewed-for-production,2,,default;no-crds,default,default,,,,— (no open gap: recommended capabilities built or n/a; quirks modeled — Level 2),recipes/grafana/rollout-operator/0.49.0/recipe.yaml,packages/grafana/rollout-operator/0.49.0,recipes/grafana/rollout-operator/0.49.0/CATALOG.md,recipes/grafana/rollout-operator/0.49.0/helm-pain-report.yaml
83,next80-proof-grade,,,haproxytech/kubernetes-ingress,1.52.0,,,proof-grade,not-reviewed-for-production,1,,default,default,default,,,,— (no open gap: recommended capabilities built or n/a; quirks modeled — Level 2),recipes/haproxytech/kubernetes-ingress/1.52.0/recipe.yaml,packages/haproxytech/kubernetes-ingress/1.52.0,recipes/haproxytech/kubernetes-ingress/1.52.0/CATALOG.md,recipes/haproxytech/kubernetes-ingress/1.52.0/helm-pain-report.yaml
84,next80-proof-grade,,,istio/gateway,1.30.0,,,proof-grade,not-reviewed-for-production,2,,default;controller-default-reviewed,default,default,,,,— (no open gap: recommended capabilities built or n/a; quirks modeled — Level 2),recipes/istio/gateway/1.30.0/recipe.yaml,packages/istio/gateway/1.30.0,recipes/istio/gateway/1.30.0/CATALOG.md,recipes/istio/gateway/1.30.0/helm-pain-report.yaml
85,next80-proof-grade,,,istio/istiod,1.30.0,,,proof-grade,not-reviewed-for-production,1,,default,default,default,,,,— (no open gap: recommended capabilities built or n/a; quirks modeled — Level 2),recipes/istio/istiod/1.30.0/recipe.yaml,packages/istio/istiod/1.30.0,recipes/istio/istiod/1.30.0/CATALOG.md,recipes/istio/istiod/1.30.0/helm-pain-report.yaml
86,next80-proof-grade,,,jetstack/cert-manager-csi-driver,v0.14.0,,,proof-grade,not-reviewed-for-production,1,,default,default,default,,,,— (no open gap: recommended capabilities built or n/a; quirks modeled — Level 2),recipes/jetstack/cert-manager-csi-driver/v0.14.0/recipe.yaml,packages/jetstack/cert-manager-csi-driver/v0.14.0,recipes/jetstack/cert-manager-csi-driver/v0.14.0/CATALOG.md,recipes/jetstack/cert-manager-csi-driver/v0.14.0/helm-pain-report.yaml
87,next80-proof-grade,,,jetstack/trust-manager,v0.22.1,,,proof-grade,not-reviewed-for-production,2,,default;no-crds,default,default,,,,— (no open gap: recommended capabilities built or n/a; quirks modeled — Level 2),recipes/jetstack/trust-manager/v0.22.1/recipe.yaml,packages/jetstack/trust-manager/v0.22.1,recipes/jetstack/trust-manager/v0.22.1/CATALOG.md,recipes/jetstack/trust-manager/v0.22.1/helm-pain-report.yaml
88,next80-proof-grade,,,linkerd/linkerd-crds,1.8.0,,,proof-grade,not-reviewed-for-production,1,,default,default,default,,,,— (no open gap: recommended capabilities built or n/a; quirks modeled — Level 2),recipes/linkerd/linkerd-crds/1.8.0/recipe.yaml,packages/linkerd/linkerd-crds/1.8.0,recipes/linkerd/linkerd-crds/1.8.0/CATALOG.md,recipes/linkerd/linkerd-crds/1.8.0/helm-pain-report.yaml
89,next80-proof-grade,,,minio-operator/tenant,7.1.1,,,proof-grade,not-reviewed-for-production,1,,default,default,default,,,,— (no open gap: recommended capabilities built or n/a; quirks modeled — Level 2),recipes/minio-operator/tenant/7.1.1/recipe.yaml,packages/minio-operator/tenant/7.1.1,recipes/minio-operator/tenant/7.1.1/CATALOG.md,recipes/minio-operator/tenant/7.1.1/helm-pain-report.yaml
90,next80-proof-grade,,,nats/nack,0.34.0,,,proof-grade,not-reviewed-for-production,2,,default;no-crds,default,default,,,,— (no open gap: recommended capabilities built or n/a; quirks modeled — Level 2),recipes/nats/nack/0.34.0/recipe.yaml,packages/nats/nack/0.34.0,recipes/nats/nack/0.34.0/CATALOG.md,recipes/nats/nack/0.34.0/helm-pain-report.yaml
91,next80-proof-grade,,,nats/surveyor,0.20.9,,,proof-grade,not-reviewed-for-production,2,,default;default-reviewed,default,default,,,,— (no open gap: recommended capabilities built or n/a; quirks modeled — Level 2),recipes/nats/surveyor/0.20.9/recipe.yaml,packages/nats/surveyor/0.20.9,recipes/nats/surveyor/0.20.9/CATALOG.md,recipes/nats/surveyor/0.20.9/helm-pain-report.yaml
92,next80-proof-grade,,,open-telemetry/opentelemetry-operator,0.114.0,,,proof-grade,not-reviewed-for-production,2,,default;no-crds,default,default,,,,— (no open gap: recommended capabilities built or n/a; quirks modeled — Level 2),recipes/open-telemetry/opentelemetry-operator/0.114.0/recipe.yaml,packages/open-telemetry/opentelemetry-operator/0.114.0,recipes/open-telemetry/opentelemetry-operator/0.114.0/CATALOG.md,recipes/open-telemetry/opentelemetry-operator/0.114.0/helm-pain-report.yaml
93,next80-proof-grade,,,percona/pg-operator,3.0.0,,,proof-grade,not-reviewed-for-production,2,,default;no-crds,default,default,,,,— (no open gap: recommended capabilities built or n/a; quirks modeled — Level 2),recipes/percona/pg-operator/3.0.0/recipe.yaml,packages/percona/pg-operator/3.0.0,recipes/percona/pg-operator/3.0.0/CATALOG.md,recipes/percona/pg-operator/3.0.0/helm-pain-report.yaml
94,next80-proof-grade,,,percona/psmdb-operator,1.22.0,,,proof-grade,not-reviewed-for-production,2,,default;no-crds,default,default,,,,— (no open gap: recommended capabilities built or n/a; quirks modeled — Level 2),recipes/percona/psmdb-operator/1.22.0/recipe.yaml,packages/percona/psmdb-operator/1.22.0,recipes/percona/psmdb-operator/1.22.0/CATALOG.md,recipes/percona/psmdb-operator/1.22.0/helm-pain-report.yaml
95,next80-proof-grade,,,rook-release/rook-ceph,v1.19.5,,,proof-grade,not-reviewed-for-production,1,,default,default,default,,,,no-crds (template-baked CRDs; no clean chart toggle yet),recipes/rook-release/rook-ceph/v1.19.5/recipe.yaml,packages/rook-release/rook-ceph/v1.19.5,recipes/rook-release/rook-ceph/v1.19.5/CATALOG.md,recipes/rook-release/rook-ceph/v1.19.5/helm-pain-report.yaml
96,next80-proof-grade,,,rook-release/rook-ceph-cluster,v1.19.5,,,proof-grade,not-reviewed-for-production,1,,default,default,default,,,,— (no open gap: recommended capabilities built or n/a; quirks modeled — Level 2),recipes/rook-release/rook-ceph-cluster/v1.19.5/recipe.yaml,packages/rook-release/rook-ceph-cluster/v1.19.5,recipes/rook-release/rook-ceph-cluster/v1.19.5/CATALOG.md,recipes/rook-release/rook-ceph-cluster/v1.19.5/helm-pain-report.yaml
97,next80-proof-grade,,,sealed-secrets/sealed-secrets,2.18.6,,,proof-grade,not-reviewed-for-production,2,,default;no-crds,default,default,,,,— (no open gap: recommended capabilities built or n/a; quirks modeled — Level 2),recipes/sealed-secrets/sealed-secrets/2.18.6/recipe.yaml,packages/sealed-secrets/sealed-secrets/2.18.6,recipes/sealed-secrets/sealed-secrets/2.18.6/CATALOG.md,recipes/sealed-secrets/sealed-secrets/2.18.6/helm-pain-report.yaml
98,next80-proof-grade,,,velero/velero,12.0.1,,,proof-grade,not-reviewed-for-production,2,,default;no-crds,default,default,,,,— (no open gap: recommended capabilities built or n/a; quirks modeled — Level 2),recipes/velero/velero/12.0.1/recipe.yaml,packages/velero/velero/12.0.1,recipes/velero/velero/12.0.1/CATALOG.md,recipes/velero/velero/12.0.1/helm-pain-report.yaml
99,next80-proof-grade,,,vm/victoria-logs-single,0.12.5,,,proof-grade,not-reviewed-for-production,1,,default,default,default,,,,— (no open gap: recommended capabilities built or n/a; quirks modeled — Level 2),recipes/vm/victoria-logs-single/0.12.5/recipe.yaml,packages/vm/victoria-logs-single/0.12.5,recipes/vm/victoria-logs-single/0.12.5/CATALOG.md,recipes/vm/victoria-logs-single/0.12.5/helm-pain-report.yaml
100,next80-proof-grade,,,vm/victoria-metrics-single,0.39.0,,,proof-grade,not-reviewed-for-production,2,,default;default-reviewed,default,default,,,,— (no open gap: recommended capabilities built or n/a; quirks modeled — Level 2),recipes/vm/victoria-metrics-single/0.39.0/recipe.yaml,packages/vm/victoria-metrics-single/0.39.0,recipes/vm/victoria-metrics-single/0.39.0/CATALOG.md,recipes/vm/victoria-metrics-single/0.39.0/helm-pain-report.yaml
