proof_surface_rank,top500_rank,chart,catalog_tier,workability,adoption_bucket,user_status,strongest_evidence,variant_count,variants,render_parity,in_confighub,local_live,gitops_live,live_parity,two_cluster_kind_parity,hard_gap,source_features,next_action,next_action_source,next_action_receipt,recipe_path,package_path,catalog_path,helm_pain_report
1,,argo-cd/argo-cd@9.5.15,top20-catalog-supported,try-now-public-catalog,try-from-public-catalog,catalog-supported-with-live-evidence,live-helm-vs-confighub-parity,2,default;no-crds,2/2,1/2,1/2,1/2,1/2,2/2,ha (curated proof lane - bespoke teaching needed),,image policy decision recorded for a target scope; create digest-pinned bases or overrides for stricter scopes,production-disposition,,recipes/argo-cd/argo-cd/9.5.15/recipe.yaml,packages/argo-cd/argo-cd/9.5.15,recipes/argo-cd/argo-cd/9.5.15/CATALOG.md,recipes/argo-cd/argo-cd/9.5.15/helm-pain-report.yaml
2,28,bitnami/mongodb@19.0.7,top20-catalog-supported,try-now-public-catalog,try-from-public-catalog,catalog-supported-with-live-evidence,live-helm-vs-confighub-parity,2,generated-passwords;existing-secret-replicaset,2/2,1/2,1/2,1/2,1/2,2/2,-,lookup;generated-facts;tpl;capabilities;cluster-rbac;stateful-storage,"record the target-scoped lifecycle support decision, then refresh live/e2e evidence for that scope",production-disposition,,recipes/bitnami/mongodb/19.0.7/recipe.yaml,packages/bitnami/mongodb/19.0.7,recipes/bitnami/mongodb/19.0.7/CATALOG.md,recipes/bitnami/mongodb/19.0.7/helm-pain-report.yaml
3,24,bitnami/mysql@14.0.3,top20-catalog-supported,try-now-public-catalog,try-from-public-catalog,catalog-supported-with-live-evidence,live-helm-vs-confighub-parity,2,generated-passwords;existing-secret,2/2,1/2,1/2,1/2,1/2,2/2,ha (curated proof lane - bespoke teaching needed),lookup;generated-facts;tpl;capabilities;stateful-storage,image policy decision recorded for a target scope; create digest-pinned bases or overrides for stricter scopes,production-disposition,,recipes/bitnami/mysql/14.0.3/recipe.yaml,packages/bitnami/mysql/14.0.3,recipes/bitnami/mysql/14.0.3/CATALOG.md,recipes/bitnami/mysql/14.0.3/helm-pain-report.yaml
4,48,bitnami/nginx@24.0.2,top20-catalog-supported,try-now-public-catalog,try-from-public-catalog,catalog-supported-with-live-evidence,live-helm-vs-confighub-parity,2,http-clusterip;existing-tls-ingress,2/2,1/2,1/2,1/2,1/2,2/2,existing-secret (chart ships no Secret toggle),lookup;generated-facts;tpl;capabilities,"choose the supported production base and target scope, refresh live/e2e evidence, and record the final support decision",production-disposition,,recipes/bitnami/nginx/24.0.2/recipe.yaml,packages/bitnami/nginx/24.0.2,recipes/bitnami/nginx/24.0.2/CATALOG.md,recipes/bitnami/nginx/24.0.2/helm-pain-report.yaml
5,7,bitnami/postgresql@18.6.7,top20-catalog-supported,try-now-public-catalog,try-from-public-catalog,catalog-supported-with-live-evidence,live-helm-vs-confighub-parity,2,generated-passwords;existing-secret,2/2,1/2,1/2,2/2,1/2,2/2,ha (curated proof lane - bespoke teaching needed),lookup;generated-facts;tpl;capabilities;stateful-storage,"record the target-scoped lifecycle support decision, then refresh live/e2e evidence for that scope",production-disposition,,recipes/bitnami/postgresql/18.6.7/recipe.yaml,packages/bitnami/postgresql/18.6.7,recipes/bitnami/postgresql/18.6.7/CATALOG.md,recipes/bitnami/postgresql/18.6.7/helm-pain-report.yaml
6,20,bitnami/rabbitmq@16.0.14,top20-catalog-supported,try-now-public-catalog,try-from-public-catalog,catalog-supported-with-live-evidence,live-helm-vs-confighub-parity,2,generated-passwords;existing-secret,2/2,1/2,1/2,1/2,1/2,2/2,ha (curated proof lane - bespoke teaching needed),lookup;generated-facts;tpl;capabilities;stateful-storage,image policy decision recorded for a target scope; create digest-pinned bases or overrides for stricter scopes,production-disposition,,recipes/bitnami/rabbitmq/16.0.14/recipe.yaml,packages/bitnami/rabbitmq/16.0.14,recipes/bitnami/rabbitmq/16.0.14/CATALOG.md,recipes/bitnami/rabbitmq/16.0.14/helm-pain-report.yaml
7,6,bitnami/redis@25.5.3,top20-catalog-supported,try-now-public-catalog,try-from-public-catalog,catalog-supported-with-live-evidence,live-helm-vs-confighub-parity,2,default;reuse-existing-secret,2/2,1/2,2/2,2/2,1/2,2/2,-,lookup;generated-facts;tpl;capabilities;stateful-storage,"record the target-scoped lifecycle support decision, then refresh live/e2e evidence for that scope",production-disposition,,recipes/bitnami/redis/25.5.3/recipe.yaml,packages/bitnami/redis/25.5.3,recipes/bitnami/redis/25.5.3/CATALOG.md,recipes/bitnami/redis/25.5.3/helm-pain-report.yaml
8,,external-secrets/external-secrets@2.5.0,top20-catalog-supported,try-now-public-catalog,try-from-public-catalog,catalog-supported-with-live-evidence,live-helm-vs-confighub-parity,2,default;no-crds,2/2,1/2,1/2,1/2,1/2,2/2,-,,image policy decision recorded for a target scope; create digest-pinned bases or overrides for stricter scopes,production-disposition,,recipes/external-secrets/external-secrets/2.5.0/recipe.yaml,packages/external-secrets/external-secrets/2.5.0,recipes/external-secrets/external-secrets/2.5.0/CATALOG.md,recipes/external-secrets/external-secrets/2.5.0/helm-pain-report.yaml
9,,grafana/grafana@10.5.15,top20-catalog-supported,try-now-public-catalog,try-from-public-catalog,catalog-supported-with-live-evidence,live-helm-vs-confighub-parity,2,generated-passwords;existing-secret-ingress,2/2,1/2,1/2,1/2,1/2,2/2,-,,resolve image digests for each affected variant before production OCI support,production-disposition,,recipes/grafana/grafana/10.5.15/recipe.yaml,packages/grafana/grafana/10.5.15,recipes/grafana/grafana/10.5.15/CATALOG.md,recipes/grafana/grafana/10.5.15/helm-pain-report.yaml
10,10,grafana/loki@7.0.0,top20-catalog-supported,try-now-public-catalog,try-from-public-catalog,catalog-supported-with-live-evidence,live-helm-vs-confighub-parity,2,single-binary-filesystem;simple-scalable-minio,2/2,1/2,1/2,1/2,1/2,2/2,-,lookup;generated-facts;tpl;capabilities;crds;cluster-rbac;webhooks;stateful-storage,image policy decision recorded for a target scope; create digest-pinned bases or overrides for stricter scopes,production-disposition,,recipes/grafana/loki/7.0.0/recipe.yaml,packages/grafana/loki/7.0.0,recipes/grafana/loki/7.0.0/CATALOG.md,recipes/grafana/loki/7.0.0/helm-pain-report.yaml
11,,grafana/tempo@1.24.4,top20-catalog-supported,try-now-public-catalog,try-from-public-catalog,catalog-supported-with-live-evidence,live-helm-vs-confighub-parity,2,local-persistent;s3-query-observability,2/2,1/2,1/2,1/2,1/2,2/2,ha (tempo single-binary chart; HA is the separate tempo-distributed chart),,resolve image digests for each affected variant before production OCI support,production-disposition,,recipes/grafana/tempo/1.24.4/recipe.yaml,packages/grafana/tempo/1.24.4,recipes/grafana/tempo/1.24.4/CATALOG.md,recipes/grafana/tempo/1.24.4/helm-pain-report.yaml
12,57,hashicorp/consul@2.0.0,top20-catalog-supported,try-now-public-catalog,try-from-public-catalog,catalog-supported-with-live-evidence,live-helm-vs-confighub-parity,2,default-control-plane;secure-mesh-existing-secrets,2/2,1/2,1/2,1/2,1/2,2/2,ha (curated proof lane - bespoke teaching needed),tpl;capabilities;cluster-rbac;webhooks;stateful-storage,image policy decision recorded for a target scope; create digest-pinned bases or overrides for stricter scopes,production-disposition,,recipes/hashicorp/consul/2.0.0/recipe.yaml,packages/hashicorp/consul/2.0.0,recipes/hashicorp/consul/2.0.0/CATALOG.md,recipes/hashicorp/consul/2.0.0/helm-pain-report.yaml
13,12,hashicorp/vault@0.32.0,top20-catalog-supported,try-now-public-catalog,try-from-public-catalog,catalog-supported-with-live-evidence,live-helm-vs-confighub-parity,3,dev-mode;default;ha-raft-ui,3/3,1/3,2/3,1/3,1/3,3/3,-,tpl;capabilities;cluster-rbac;webhooks;stateful-storage,write or fix the receipt for target fact preflight,production-disposition,data/production-disposition/receipts/hashicorp-vault/target-fact-preflight.yaml,recipes/hashicorp/vault/0.32.0/recipe.yaml,packages/hashicorp/vault/0.32.0,recipes/hashicorp/vault/0.32.0/CATALOG.md,recipes/hashicorp/vault/0.32.0/helm-pain-report.yaml
14,3,ingress-nginx/ingress-nginx@4.15.1,top20-catalog-supported,try-now-public-catalog,try-from-public-catalog,catalog-supported-with-live-evidence,live-helm-vs-confighub-parity,3,default;admission-disabled;internal-clusterip,3/3,1/3,2/3,1/3,1/3,3/3,-,tpl;capabilities;cluster-rbac;webhooks,"record the target-scoped lifecycle support decision, then refresh live/e2e evidence for that scope",production-disposition,,recipes/ingress-nginx/ingress-nginx/4.15.1/recipe.yaml,packages/ingress-nginx/ingress-nginx/4.15.1,recipes/ingress-nginx/ingress-nginx/4.15.1/CATALOG.md,recipes/ingress-nginx/ingress-nginx/4.15.1/helm-pain-report.yaml
15,,jetstack/cert-manager@v1.20.2,top20-catalog-supported,try-now-public-catalog,try-from-public-catalog,catalog-supported-with-live-evidence,live-helm-vs-confighub-parity,2,default;crds-enabled,2/2,1/2,1/2,1/2,1/2,1/2,-,,image policy decision recorded for a target scope; create digest-pinned bases or overrides for stricter scopes,production-disposition,,recipes/jetstack/cert-manager/v1.20.2/recipe.yaml,packages/jetstack/cert-manager/v1.20.2,recipes/jetstack/cert-manager/v1.20.2/CATALOG.md,recipes/jetstack/cert-manager/v1.20.2/helm-pain-report.yaml
16,19,longhorn/longhorn@1.11.2,top20-catalog-supported,try-now-public-catalog,try-from-public-catalog,catalog-supported-with-live-evidence,live-helm-vs-confighub-parity,2,default;ui-ingress,2/2,1/2,1/2,1/2,1/2,2/2,-,generated-facts;tpl;cluster-rbac,"choose the supported production base, then record explicit security acceptance or create a hardened base before claiming production support",production-disposition,,recipes/longhorn/longhorn/1.11.2/recipe.yaml,packages/longhorn/longhorn/1.11.2,recipes/longhorn/longhorn/1.11.2/CATALOG.md,recipes/longhorn/longhorn/1.11.2/helm-pain-report.yaml
17,11,metrics-server/metrics-server@3.13.0,top20-catalog-supported,try-now-public-catalog,try-from-public-catalog,catalog-supported-with-live-evidence,live-helm-vs-confighub-parity,2,default;external-tls-ca,2/2,1/2,1/2,1/2,1/2,2/2,existing-secret (chart ships no Secret toggle),lookup;generated-facts;capabilities;cluster-rbac,image policy decision recorded for a target scope; create digest-pinned bases or overrides for stricter scopes,production-disposition,,recipes/metrics-server/metrics-server/3.13.0/recipe.yaml,packages/metrics-server/metrics-server/3.13.0,recipes/metrics-server/metrics-server/3.13.0/CATALOG.md,recipes/metrics-server/metrics-server/3.13.0/helm-pain-report.yaml
18,1,prometheus-community/kube-prometheus-stack@85.3.3,top20-catalog-supported,try-now-public-catalog,try-from-public-catalog,catalog-supported-with-live-evidence,live-helm-vs-confighub-parity,2,default;no-crds,2/2,1/2,1/2,1/2,1/2,2/2,existing-secret (chart ships no Secret toggle),lookup;generated-facts;tpl;capabilities;hooks;crds;cluster-rbac;webhooks;stateful-storage,"choose the supported production base, then record explicit security acceptance or create a hardened base before claiming production support",production-disposition,,recipes/prometheus-community/kube-prometheus-stack/85.3.3/recipe.yaml,packages/prometheus-community/kube-prometheus-stack/85.3.3,recipes/prometheus-community/kube-prometheus-stack/85.3.3/CATALOG.md,recipes/prometheus-community/kube-prometheus-stack/85.3.3/helm-pain-report.yaml
19,5,prometheus-community/prometheus@29.8.0,top20-catalog-supported,try-now-public-catalog,try-from-public-catalog,catalog-supported-with-live-evidence,live-helm-vs-confighub-parity,2,default;server-only-ephemeral,2/2,1/2,1/2,1/2,1/2,2/2,ha (curated proof lane - bespoke teaching needed),generated-facts;tpl;capabilities;cluster-rbac;stateful-storage,"choose the supported production base, then record explicit security acceptance or create a hardened base before claiming production support",production-disposition,,recipes/prometheus-community/prometheus/29.8.0/recipe.yaml,packages/prometheus-community/prometheus/29.8.0,recipes/prometheus-community/prometheus/29.8.0/CATALOG.md,recipes/prometheus-community/prometheus/29.8.0/helm-pain-report.yaml
20,,secrets-store-csi-driver/secrets-store-csi-driver@1.6.0,top20-catalog-supported,try-now-public-catalog,try-from-public-catalog,catalog-supported-with-live-evidence,live-helm-vs-confighub-parity,2,default;sync-secret-rotation,2/2,1/2,1/2,1/2,1/2,2/2,-,,"choose the supported production base, then record explicit security acceptance or create a hardened base before claiming production support",production-disposition,,recipes/secrets-store-csi-driver/secrets-store-csi-driver/1.6.0/recipe.yaml,packages/secrets-store-csi-driver/secrets-store-csi-driver/1.6.0,recipes/secrets-store-csi-driver/secrets-store-csi-driver/1.6.0/CATALOG.md,recipes/secrets-store-csi-driver/secrets-store-csi-driver/1.6.0/helm-pain-report.yaml
21,8,traefik/traefik@40.2.0,next80-proof-grade,decision-needed-before-promotion,limitation-decision-first,proof-grade-with-named-limitation,render-parity,2,default;no-crds,2/2,0/2,0/2,0/2,0/2,0/2,existing-secret (chart ships no Secret toggle),lookup;generated-facts;tpl;capabilities;crds;cluster-rbac;webhooks;stateful-storage,review limitation before promotion: existing-secret (chart ships no Secret toggle),limitation-review,,recipes/traefik/traefik/40.2.0/recipe.yaml,packages/traefik/traefik/40.2.0,recipes/traefik/traefik/40.2.0/CATALOG.md,recipes/traefik/traefik/40.2.0/helm-pain-report.yaml
22,18,external-dns/external-dns@1.21.1,next80-proof-grade,works-as-proof-needs-catalog-review,promote-after-review,proof-grade-ready-for-promotion-review,two-cluster-kind-parity,3,default;no-crds;dry-run-txt-registry,3/3,0/3,1/3,0/3,0/3,1/3,-,tpl;crds;cluster-rbac,run catalog promotion review,catalog-promotion-review,,recipes/external-dns/external-dns/1.21.1/recipe.yaml,packages/external-dns/external-dns/1.21.1,recipes/external-dns/external-dns/1.21.1/CATALOG.md,recipes/external-dns/external-dns/1.21.1/helm-pain-report.yaml
23,21,gitlab/gitlab-runner@0.89.0,next80-proof-grade,not-yet-a-good-catalog-offer,needs-useful-variant,proof-grade-needs-user-shaped-variant,render-parity,1,default,1/1,0/1,0/1,0/1,0/1,0/1,-,generated-facts;tpl;capabilities,add at least one user-shaped variant before catalog promotion,user-shaped-variant-backlog,,recipes/gitlab/gitlab-runner/0.89.0/recipe.yaml,packages/gitlab/gitlab-runner/0.89.0,recipes/gitlab/gitlab-runner/0.89.0/CATALOG.md,recipes/gitlab/gitlab-runner/0.89.0/helm-pain-report.yaml
24,38,kyverno/kyverno@3.8.1,next80-proof-grade,decision-needed-before-promotion,limitation-decision-first,proof-grade-with-named-limitation,local-kubernetes-live,2,default;no-crds,2/2,0/2,1/2,0/2,0/2,0/2,existing-secret (chart ships no Secret toggle),lookup;generated-facts;tpl;capabilities;hooks;crds;cluster-rbac;stateful-storage,review limitation before promotion: existing-secret (chart ships no Secret toggle),limitation-review,,recipes/kyverno/kyverno/3.8.1/recipe.yaml,packages/kyverno/kyverno/3.8.1,recipes/kyverno/kyverno/3.8.1/CATALOG.md,recipes/kyverno/kyverno/3.8.1/helm-pain-report.yaml
25,41,cloudnative-pg/cloudnative-pg@0.28.2,next80-proof-grade,works-as-proof-needs-catalog-review,promote-after-review,proof-grade-ready-for-promotion-review,two-cluster-kind-parity,2,default;no-crds,2/2,0/2,1/2,0/2,0/2,1/2,-,generated-facts;tpl;crds;cluster-rbac;webhooks,run catalog promotion review,catalog-promotion-review,,recipes/cloudnative-pg/cloudnative-pg/0.28.2/recipe.yaml,packages/cloudnative-pg/cloudnative-pg/0.28.2,recipes/cloudnative-pg/cloudnative-pg/0.28.2/CATALOG.md,recipes/cloudnative-pg/cloudnative-pg/0.28.2/helm-pain-report.yaml
26,42,fluent/fluent-bit@0.57.6,next80-proof-grade,not-yet-a-good-catalog-offer,needs-useful-variant,proof-grade-needs-user-shaped-variant,local-kubernetes-live,1,default,1/1,0/1,1/1,0/1,0/1,0/1,-,tpl;capabilities;hooks;cluster-rbac,add at least one user-shaped variant before catalog promotion,user-shaped-variant-backlog,,recipes/fluent/fluent-bit/0.57.6/recipe.yaml,packages/fluent/fluent-bit/0.57.6,recipes/fluent/fluent-bit/0.57.6/CATALOG.md,recipes/fluent/fluent-bit/0.57.6/helm-pain-report.yaml
27,45,runix/pgadmin4@1.62.0,next80-proof-grade,not-yet-a-good-catalog-offer,needs-useful-variant,proof-grade-needs-user-shaped-variant,local-kubernetes-live,1,default,1/1,0/1,1/1,0/1,0/1,0/1,-,tpl;capabilities;stateful-storage,add at least one user-shaped variant before catalog promotion,user-shaped-variant-backlog,,recipes/runix/pgadmin4/1.62.0/recipe.yaml,packages/runix/pgadmin4/1.62.0,recipes/runix/pgadmin4/1.62.0/CATALOG.md,recipes/runix/pgadmin4/1.62.0/helm-pain-report.yaml
28,51,nfs-subdir-external-provisioner/nfs-subdir-external-provisioner@4.0.18,next80-proof-grade,not-yet-a-good-catalog-offer,needs-useful-variant,proof-grade-needs-user-shaped-variant,render-parity,1,default,1/1,0/1,0/1,0/1,0/1,0/1,-,capabilities;cluster-rbac;stateful-storage,add at least one user-shaped variant before catalog promotion,user-shaped-variant-backlog,,recipes/nfs-subdir-external-provisioner/nfs-subdir-external-provisioner/4.0.18/recipe.yaml,packages/nfs-subdir-external-provisioner/nfs-subdir-external-provisioner/4.0.18,recipes/nfs-subdir-external-provisioner/nfs-subdir-external-provisioner/4.0.18/CATALOG.md,recipes/nfs-subdir-external-provisioner/nfs-subdir-external-provisioner/4.0.18/helm-pain-report.yaml
29,53,kedacore/keda@2.19.0,next80-proof-grade,works-as-proof-needs-catalog-review,promote-after-review,proof-grade-ready-for-promotion-review,two-cluster-kind-parity,2,default;no-crds,2/2,0/2,1/2,1/2,0/2,1/2,-,tpl;capabilities;crds;cluster-rbac;webhooks,run catalog promotion review,catalog-promotion-review,,recipes/kedacore/keda/2.19.0/recipe.yaml,packages/kedacore/keda/2.19.0,recipes/kedacore/keda/2.19.0/CATALOG.md,recipes/kedacore/keda/2.19.0/helm-pain-report.yaml
30,58,prometheus-community/kube-state-metrics@7.4.0,next80-proof-grade,not-yet-a-good-catalog-offer,needs-useful-variant,proof-grade-needs-user-shaped-variant,local-kubernetes-live,1,default,2/2,0/2,1/2,0/2,0/2,0/2,-,generated-facts;tpl;capabilities;cluster-rbac;stateful-storage,add at least one user-shaped variant before catalog promotion,user-shaped-variant-backlog,,recipes/prometheus-community/kube-state-metrics/7.4.0/recipe.yaml,packages/prometheus-community/kube-state-metrics/7.4.0,recipes/prometheus-community/kube-state-metrics/7.4.0/CATALOG.md,recipes/prometheus-community/kube-state-metrics/7.4.0/helm-pain-report.yaml
31,60,elastic/eck-operator@3.4.0,next80-proof-grade,works-as-proof-needs-catalog-review,promote-after-review,proof-grade-ready-for-promotion-review,two-cluster-kind-parity,3,default;ha;no-crds,3/3,0/3,1/3,0/3,0/3,1/3,-,tpl;capabilities;cluster-rbac;webhooks;stateful-storage,run catalog promotion review,catalog-promotion-review,,recipes/elastic/eck-operator/3.4.0/recipe.yaml,packages/elastic/eck-operator/3.4.0,recipes/elastic/eck-operator/3.4.0/CATALOG.md,recipes/elastic/eck-operator/3.4.0/helm-pain-report.yaml
32,62,elastic/kibana@8.5.1,next80-proof-grade,not-yet-a-good-catalog-offer,needs-useful-variant,proof-grade-needs-user-shaped-variant,render-parity,1,default,1/1,0/1,0/1,0/1,0/1,0/1,-,tpl,add at least one user-shaped variant before catalog promotion,user-shaped-variant-backlog,,recipes/elastic/kibana/8.5.1/recipe.yaml,packages/elastic/kibana/8.5.1,recipes/elastic/kibana/8.5.1/CATALOG.md,recipes/elastic/kibana/8.5.1/helm-pain-report.yaml
33,64,descheduler/descheduler@0.36.0,next80-proof-grade,not-yet-a-good-catalog-offer,needs-useful-variant,proof-grade-needs-user-shaped-variant,local-kubernetes-live,1,default,1/1,0/1,1/1,0/1,0/1,0/1,-,tpl;cluster-rbac,add at least one user-shaped variant before catalog promotion,user-shaped-variant-backlog,,recipes/descheduler/descheduler/0.36.0/recipe.yaml,packages/descheduler/descheduler/0.36.0,recipes/descheduler/descheduler/0.36.0/CATALOG.md,recipes/descheduler/descheduler/0.36.0/helm-pain-report.yaml
34,65,prometheus-community/prometheus-blackbox-exporter@11.10.0,next80-proof-grade,not-yet-a-good-catalog-offer,needs-useful-variant,proof-grade-needs-user-shaped-variant,local-kubernetes-live,1,default,2/2,0/2,1/2,0/2,0/2,0/2,-,tpl;capabilities,add at least one user-shaped variant before catalog promotion,user-shaped-variant-backlog,,recipes/prometheus-community/prometheus-blackbox-exporter/11.10.0/recipe.yaml,packages/prometheus-community/prometheus-blackbox-exporter/11.10.0,recipes/prometheus-community/prometheus-blackbox-exporter/11.10.0/CATALOG.md,recipes/prometheus-community/prometheus-blackbox-exporter/11.10.0/helm-pain-report.yaml
35,66,bitnami/elasticsearch@22.1.6,next80-proof-grade,decision-needed-before-promotion,limitation-decision-first,proof-grade-with-named-limitation,render-parity,2,default;ha,2/2,0/2,0/2,0/2,0/2,0/2,existing-secret (chart ships no Secret toggle),lookup;generated-facts;tpl;capabilities;stateful-storage,review limitation before promotion: existing-secret (chart ships no Secret toggle),limitation-review,,recipes/bitnami/elasticsearch/22.1.6/recipe.yaml,packages/bitnami/elasticsearch/22.1.6,recipes/bitnami/elasticsearch/22.1.6/CATALOG.md,recipes/bitnami/elasticsearch/22.1.6/helm-pain-report.yaml
36,67,stakater/reloader@2.2.12,next80-proof-grade,not-yet-a-good-catalog-offer,needs-useful-variant,proof-grade-needs-user-shaped-variant,render-parity,1,default,2/2,0/2,0/2,0/2,0/2,0/2,-,tpl;capabilities;cluster-rbac,add at least one user-shaped variant before catalog promotion,user-shaped-variant-backlog,,recipes/stakater/reloader/2.2.12/recipe.yaml,packages/stakater/reloader/2.2.12,recipes/stakater/reloader/2.2.12/CATALOG.md,recipes/stakater/reloader/2.2.12/helm-pain-report.yaml
37,70,jaegertracing/jaeger@4.8.0,next80-proof-grade,not-yet-a-good-catalog-offer,needs-useful-variant,proof-grade-needs-user-shaped-variant,local-kubernetes-live,1,default,1/1,0/1,1/1,0/1,0/1,0/1,existing-secret (chart ships no Secret toggle),lookup;generated-facts;tpl;capabilities,add at least one user-shaped variant before catalog promotion,user-shaped-variant-backlog,,recipes/jaegertracing/jaeger/4.8.0/recipe.yaml,packages/jaegertracing/jaeger/4.8.0,recipes/jaegertracing/jaeger/4.8.0/CATALOG.md,recipes/jaegertracing/jaeger/4.8.0/helm-pain-report.yaml
38,74,grafana/alloy@1.8.2,next80-proof-grade,works-as-proof-needs-catalog-review,promote-after-review,proof-grade-ready-for-promotion-review,two-cluster-kind-parity,2,default;no-crds,2/2,0/2,1/2,0/2,0/2,1/2,-,tpl;capabilities;crds;cluster-rbac;stateful-storage,run catalog promotion review,catalog-promotion-review,,recipes/grafana/alloy/1.8.2/recipe.yaml,packages/grafana/alloy/1.8.2,recipes/grafana/alloy/1.8.2/CATALOG.md,recipes/grafana/alloy/1.8.2/helm-pain-report.yaml
39,78,nats/nats@2.14.0,next80-proof-grade,works-as-proof-needs-catalog-review,promote-after-review,proof-grade-ready-for-promotion-review,two-cluster-kind-parity,2,default;ha,2/2,0/2,1/2,0/2,0/2,1/2,-,tpl,run catalog promotion review,catalog-promotion-review,,recipes/nats/nats/2.14.0/recipe.yaml,packages/nats/nats/2.14.0,recipes/nats/nats/2.14.0/CATALOG.md,recipes/nats/nats/2.14.0/helm-pain-report.yaml
40,80,dex/dex@0.24.0,next80-proof-grade,not-yet-a-good-catalog-offer,needs-useful-variant,proof-grade-needs-user-shaped-variant,render-parity,1,default,1/1,0/1,0/1,0/1,0/1,0/1,-,tpl;capabilities;cluster-rbac,add at least one user-shaped variant before catalog promotion,user-shaped-variant-backlog,,recipes/dex/dex/0.24.0/recipe.yaml,packages/dex/dex/0.24.0,recipes/dex/dex/0.24.0/CATALOG.md,recipes/dex/dex/0.24.0/helm-pain-report.yaml
41,88,prometheus-community/alertmanager@1.37.0,next80-proof-grade,works-as-proof-needs-catalog-review,promote-after-review,proof-grade-ready-for-promotion-review,two-cluster-kind-parity,2,default;ha,2/2,0/2,1/2,0/2,0/2,1/2,-,tpl;stateful-storage,run catalog promotion review,catalog-promotion-review,,recipes/prometheus-community/alertmanager/1.37.0/recipe.yaml,packages/prometheus-community/alertmanager/1.37.0,recipes/prometheus-community/alertmanager/1.37.0/CATALOG.md,recipes/prometheus-community/alertmanager/1.37.0/helm-pain-report.yaml
42,90,falcosecurity/falco@9.0.0,next80-proof-grade,not-yet-a-good-catalog-offer,needs-useful-variant,proof-grade-needs-user-shaped-variant,local-kubernetes-live,1,default,1/1,0/1,1/1,0/1,0/1,0/1,-,lookup;tpl;capabilities;cluster-rbac;stateful-storage,add at least one user-shaped variant before catalog promotion,user-shaped-variant-backlog,,recipes/falcosecurity/falco/9.0.0/recipe.yaml,packages/falcosecurity/falco/9.0.0,recipes/falcosecurity/falco/9.0.0/CATALOG.md,recipes/falcosecurity/falco/9.0.0/helm-pain-report.yaml
43,94,prometheus-community/prometheus-node-exporter@4.55.0,next80-proof-grade,not-yet-a-good-catalog-offer,needs-useful-variant,proof-grade-needs-user-shaped-variant,local-kubernetes-live,1,default,1/1,0/1,1/1,0/1,0/1,0/1,-,generated-facts;tpl;capabilities;cluster-rbac,add at least one user-shaped variant before catalog promotion,user-shaped-variant-backlog,,recipes/prometheus-community/prometheus-node-exporter/4.55.0/recipe.yaml,packages/prometheus-community/prometheus-node-exporter/4.55.0,recipes/prometheus-community/prometheus-node-exporter/4.55.0/CATALOG.md,recipes/prometheus-community/prometheus-node-exporter/4.55.0/helm-pain-report.yaml
44,101,bitnami/spark@10.0.3,next80-proof-grade,decision-needed-before-promotion,limitation-decision-first,proof-grade-with-named-limitation,render-parity,2,default;ha,2/2,0/2,0/2,0/2,0/2,0/2,existing-secret (chart ships no Secret toggle),lookup;generated-facts;tpl;capabilities;stateful-storage,review limitation before promotion: existing-secret (chart ships no Secret toggle),limitation-review,,recipes/bitnami/spark/10.0.3/recipe.yaml,packages/bitnami/spark/10.0.3,recipes/bitnami/spark/10.0.3/CATALOG.md,recipes/bitnami/spark/10.0.3/helm-pain-report.yaml
45,107,elastic/logstash@8.5.1,next80-proof-grade,works-as-proof-needs-catalog-review,promote-after-review,proof-grade-ready-for-promotion-review,two-cluster-kind-parity,2,default;ha,2/2,0/2,0/2,0/2,0/2,1/2,-,tpl;capabilities;stateful-storage,run catalog promotion review,catalog-promotion-review,,recipes/elastic/logstash/8.5.1/recipe.yaml,packages/elastic/logstash/8.5.1,recipes/elastic/logstash/8.5.1/CATALOG.md,recipes/elastic/logstash/8.5.1/helm-pain-report.yaml
46,118,prometheus-community/prometheus-adapter@5.3.0,next80-proof-grade,not-yet-a-good-catalog-offer,needs-useful-variant,proof-grade-needs-user-shaped-variant,render-parity,1,default,2/2,0/2,0/2,0/2,0/2,0/2,-,tpl;capabilities;cluster-rbac,add at least one user-shaped variant before catalog promotion,user-shaped-variant-backlog,,recipes/prometheus-community/prometheus-adapter/5.3.0/recipe.yaml,packages/prometheus-community/prometheus-adapter/5.3.0,recipes/prometheus-community/prometheus-adapter/5.3.0/CATALOG.md,recipes/prometheus-community/prometheus-adapter/5.3.0/helm-pain-report.yaml
47,126,projectcalico/tigera-operator@v3.32.0,next80-proof-grade,not-yet-a-good-catalog-offer,needs-useful-variant,proof-grade-needs-user-shaped-variant,render-parity,1,default,1/1,0/1,0/1,0/1,0/1,0/1,-,lookup;hooks;cluster-rbac,add at least one user-shaped variant before catalog promotion,user-shaped-variant-backlog,,recipes/projectcalico/tigera-operator/v3.32.0/recipe.yaml,packages/projectcalico/tigera-operator/v3.32.0,recipes/projectcalico/tigera-operator/v3.32.0/CATALOG.md,recipes/projectcalico/tigera-operator/v3.32.0/helm-pain-report.yaml
48,130,fairwinds-stable/goldilocks@10.3.0,next80-proof-grade,not-yet-a-good-catalog-offer,needs-useful-variant,proof-grade-needs-user-shaped-variant,local-kubernetes-live,1,default,1/1,0/1,1/1,0/1,0/1,0/1,existing-secret (chart ships no Secret toggle),lookup;generated-facts;tpl;capabilities;crds;cluster-rbac;webhooks,add at least one user-shaped variant before catalog promotion,user-shaped-variant-backlog,,recipes/fairwinds-stable/goldilocks/10.3.0/recipe.yaml,packages/fairwinds-stable/goldilocks/10.3.0,recipes/fairwinds-stable/goldilocks/10.3.0/CATALOG.md,recipes/fairwinds-stable/goldilocks/10.3.0/helm-pain-report.yaml
49,133,prometheus-community/prometheus-operator-crds@29.0.0,next80-proof-grade,not-yet-a-good-catalog-offer,needs-useful-variant,proof-grade-needs-user-shaped-variant,local-kubernetes-live,1,default,1/1,0/1,1/1,0/1,0/1,0/1,-,generated-facts;crds,add at least one user-shaped variant before catalog promotion,user-shaped-variant-backlog,,recipes/prometheus-community/prometheus-operator-crds/29.0.0/recipe.yaml,packages/prometheus-community/prometheus-operator-crds/29.0.0,recipes/prometheus-community/prometheus-operator-crds/29.0.0/CATALOG.md,recipes/prometheus-community/prometheus-operator-crds/29.0.0/helm-pain-report.yaml
50,139,bitnami/zookeeper@13.8.7,next80-proof-grade,decision-needed-before-promotion,limitation-decision-first,proof-grade-with-named-limitation,render-parity,2,default;ha,2/2,0/2,0/2,0/2,0/2,0/2,existing-secret (chart ships no Secret toggle),lookup;generated-facts;tpl;capabilities;stateful-storage,review limitation before promotion: existing-secret (chart ships no Secret toggle),limitation-review,,recipes/bitnami/zookeeper/13.8.7/recipe.yaml,packages/bitnami/zookeeper/13.8.7,recipes/bitnami/zookeeper/13.8.7/CATALOG.md,recipes/bitnami/zookeeper/13.8.7/helm-pain-report.yaml
51,140,elastic/filebeat@8.5.1,next80-proof-grade,not-yet-a-good-catalog-offer,needs-useful-variant,proof-grade-needs-user-shaped-variant,render-parity,1,default,2/2,0/2,0/2,0/2,0/2,0/2,-,tpl;cluster-rbac,add at least one user-shaped variant before catalog promotion,user-shaped-variant-backlog,,recipes/elastic/filebeat/8.5.1/recipe.yaml,packages/elastic/filebeat/8.5.1,recipes/elastic/filebeat/8.5.1/CATALOG.md,recipes/elastic/filebeat/8.5.1/helm-pain-report.yaml
52,141,hashicorp/terraform@1.1.2,next80-proof-grade,works-as-proof-needs-catalog-review,promote-after-review,proof-grade-ready-for-promotion-review,render-parity,2,default;no-crds,2/2,0/2,0/2,0/2,0/2,0/2,-,crds,run catalog promotion review,catalog-promotion-review,,recipes/hashicorp/terraform/1.1.2/recipe.yaml,packages/hashicorp/terraform/1.1.2,recipes/hashicorp/terraform/1.1.2/CATALOG.md,recipes/hashicorp/terraform/1.1.2/helm-pain-report.yaml
53,143,coredns/coredns@1.45.2,next80-proof-grade,not-yet-a-good-catalog-offer,needs-useful-variant,proof-grade-needs-user-shaped-variant,local-kubernetes-live,1,default,1/1,0/1,1/1,0/1,0/1,0/1,-,generated-facts;tpl;capabilities;cluster-rbac,add at least one user-shaped variant before catalog promotion,user-shaped-variant-backlog,,recipes/coredns/coredns/1.45.2/recipe.yaml,packages/coredns/coredns/1.45.2,recipes/coredns/coredns/1.45.2/CATALOG.md,recipes/coredns/coredns/1.45.2/helm-pain-report.yaml
54,148,fairwinds-stable/vpa@4.11.0,next80-proof-grade,works-as-proof-needs-catalog-review,promote-after-review,proof-grade-ready-for-promotion-review,render-parity,2,default;no-crds,2/2,0/2,0/2,0/2,0/2,0/2,-,lookup;tpl;capabilities;crds;cluster-rbac;webhooks,run catalog promotion review,catalog-promotion-review,,recipes/fairwinds-stable/vpa/4.11.0/recipe.yaml,packages/fairwinds-stable/vpa/4.11.0,recipes/fairwinds-stable/vpa/4.11.0/CATALOG.md,recipes/fairwinds-stable/vpa/4.11.0/helm-pain-report.yaml
55,162,bitnami/phpmyadmin@20.0.0,next80-proof-grade,not-yet-a-good-catalog-offer,needs-useful-variant,proof-grade-needs-user-shaped-variant,render-parity,1,default,1/1,0/1,0/1,0/1,0/1,0/1,existing-secret (chart ships no Secret toggle),lookup;generated-facts;tpl;capabilities;stateful-storage,add at least one user-shaped variant before catalog promotion,user-shaped-variant-backlog,,recipes/bitnami/phpmyadmin/20.0.0/recipe.yaml,packages/bitnami/phpmyadmin/20.0.0,recipes/bitnami/phpmyadmin/20.0.0/CATALOG.md,recipes/bitnami/phpmyadmin/20.0.0/helm-pain-report.yaml
56,167,prometheus-community/prometheus-pushgateway@3.6.0,next80-proof-grade,not-yet-a-good-catalog-offer,needs-useful-variant,proof-grade-needs-user-shaped-variant,local-kubernetes-live,1,default,1/1,0/1,1/1,0/1,0/1,0/1,-,tpl;stateful-storage,add at least one user-shaped variant before catalog promotion,user-shaped-variant-backlog,,recipes/prometheus-community/prometheus-pushgateway/3.6.0/recipe.yaml,packages/prometheus-community/prometheus-pushgateway/3.6.0,recipes/prometheus-community/prometheus-pushgateway/3.6.0/CATALOG.md,recipes/prometheus-community/prometheus-pushgateway/3.6.0/helm-pain-report.yaml
57,175,fluent/fluentd@0.5.3,next80-proof-grade,not-yet-a-good-catalog-offer,needs-useful-variant,proof-grade-needs-user-shaped-variant,local-kubernetes-live,1,default,1/1,0/1,1/1,0/1,0/1,0/1,-,tpl;capabilities;cluster-rbac;stateful-storage,add at least one user-shaped variant before catalog promotion,user-shaped-variant-backlog,,recipes/fluent/fluentd/0.5.3/recipe.yaml,packages/fluent/fluentd/0.5.3,recipes/fluent/fluentd/0.5.3/CATALOG.md,recipes/fluent/fluentd/0.5.3/helm-pain-report.yaml
58,179,jaegertracing/jaeger-operator@2.57.0,next80-proof-grade,works-as-proof-needs-catalog-review,promote-after-review,proof-grade-ready-for-promotion-review,render-parity,2,default;no-crds,2/2,0/2,0/2,0/2,0/2,0/2,-,crds;webhooks,run catalog promotion review,catalog-promotion-review,,recipes/jaegertracing/jaeger-operator/2.57.0/recipe.yaml,packages/jaegertracing/jaeger-operator/2.57.0,recipes/jaegertracing/jaeger-operator/2.57.0/CATALOG.md,recipes/jaegertracing/jaeger-operator/2.57.0/helm-pain-report.yaml
59,182,bitnami/memcached@8.5.5,next80-proof-grade,not-yet-a-good-catalog-offer,needs-useful-variant,proof-grade-needs-user-shaped-variant,local-kubernetes-live,1,default,1/1,0/1,1/1,0/1,0/1,0/1,existing-secret (chart ships no Secret toggle),lookup;generated-facts;tpl;capabilities;stateful-storage,add at least one user-shaped variant before catalog promotion,user-shaped-variant-backlog,,recipes/bitnami/memcached/8.5.5/recipe.yaml,packages/bitnami/memcached/8.5.5,recipes/bitnami/memcached/8.5.5/CATALOG.md,recipes/bitnami/memcached/8.5.5/helm-pain-report.yaml
60,186,strimzi/strimzi-kafka-operator@1.0.0,next80-proof-grade,works-as-proof-needs-catalog-review,promote-after-review,proof-grade-ready-for-promotion-review,render-parity,2,default;no-crds,2/2,0/2,0/2,0/2,0/2,0/2,-,tpl;capabilities;crds;cluster-rbac,run catalog promotion review,catalog-promotion-review,,recipes/strimzi/strimzi-kafka-operator/1.0.0/recipe.yaml,packages/strimzi/strimzi-kafka-operator/1.0.0,recipes/strimzi/strimzi-kafka-operator/1.0.0/CATALOG.md,recipes/strimzi/strimzi-kafka-operator/1.0.0/helm-pain-report.yaml
61,190,opencost/opencost@2.5.21,next80-proof-grade,not-yet-a-good-catalog-offer,needs-useful-variant,proof-grade-needs-user-shaped-variant,render-parity,1,default,1/1,0/1,0/1,0/1,0/1,0/1,-,tpl;capabilities;cluster-rbac;stateful-storage,add at least one user-shaped variant before catalog promotion,user-shaped-variant-backlog,,recipes/opencost/opencost/2.5.21/recipe.yaml,packages/opencost/opencost/2.5.21,recipes/opencost/opencost/2.5.21/CATALOG.md,recipes/opencost/opencost/2.5.21/helm-pain-report.yaml
62,203,gatekeeper/gatekeeper@3.22.2,next80-proof-grade,works-as-proof-needs-catalog-review,promote-after-review,proof-grade-ready-for-promotion-review,local-kubernetes-live,2,default;no-crds,2/2,0/2,1/2,0/2,0/2,0/2,-,capabilities;hooks;crds;cluster-rbac;webhooks,run catalog promotion review,catalog-promotion-review,,recipes/gatekeeper/gatekeeper/3.22.2/recipe.yaml,packages/gatekeeper/gatekeeper/3.22.2,recipes/gatekeeper/gatekeeper/3.22.2/CATALOG.md,recipes/gatekeeper/gatekeeper/3.22.2/helm-pain-report.yaml
63,205,bitnami/contour@21.1.4,next80-proof-grade,decision-needed-before-promotion,limitation-decision-first,proof-grade-with-named-limitation,render-parity,2,default;no-crds,2/2,0/2,0/2,0/2,0/2,0/2,existing-secret (chart ships no Secret toggle),lookup;generated-facts;tpl;capabilities;crds;cluster-rbac,review limitation before promotion: existing-secret (chart ships no Secret toggle),limitation-review,,recipes/bitnami/contour/21.1.4/recipe.yaml,packages/bitnami/contour/21.1.4,recipes/bitnami/contour/21.1.4/CATALOG.md,recipes/bitnami/contour/21.1.4/helm-pain-report.yaml
64,215,kyverno/kyverno-policies@3.8.0,next80-proof-grade,not-yet-a-good-catalog-offer,needs-useful-variant,proof-grade-needs-user-shaped-variant,render-parity,1,default,1/1,0/1,0/1,0/1,0/1,0/1,-,lookup;tpl,add at least one user-shaped variant before catalog promotion,user-shaped-variant-backlog,,recipes/kyverno/kyverno-policies/3.8.0/recipe.yaml,packages/kyverno/kyverno-policies/3.8.0,recipes/kyverno/kyverno-policies/3.8.0/CATALOG.md,recipes/kyverno/kyverno-policies/3.8.0/helm-pain-report.yaml
65,308,elastic/metricbeat@8.5.1,next80-proof-grade,not-yet-a-good-catalog-offer,needs-useful-variant,proof-grade-needs-user-shaped-variant,render-parity,1,default,1/1,0/1,0/1,0/1,0/1,0/1,-,tpl;capabilities;cluster-rbac;stateful-storage,add at least one user-shaped variant before catalog promotion,user-shaped-variant-backlog,,recipes/elastic/metricbeat/8.5.1/recipe.yaml,packages/elastic/metricbeat/8.5.1,recipes/elastic/metricbeat/8.5.1/CATALOG.md,recipes/elastic/metricbeat/8.5.1/helm-pain-report.yaml
66,336,minio-operator/operator@7.1.1,next80-proof-grade,not-yet-a-good-catalog-offer,needs-useful-variant,proof-grade-needs-user-shaped-variant,local-kubernetes-live,1,default,1/1,0/1,1/1,0/1,0/1,0/1,no-crds (template-baked CRDs; no clean chart toggle yet),cluster-rbac,add at least one user-shaped variant before catalog promotion,user-shaped-variant-backlog,,recipes/minio-operator/operator/7.1.1/recipe.yaml,packages/minio-operator/operator/7.1.1,recipes/minio-operator/operator/7.1.1/CATALOG.md,recipes/minio-operator/operator/7.1.1/helm-pain-report.yaml
67,338,percona/pxc-operator@1.19.1,next80-proof-grade,works-as-proof-needs-catalog-review,promote-after-review,proof-grade-ready-for-promotion-review,local-kubernetes-live,2,default;no-crds,2/2,0/2,1/2,0/2,0/2,0/2,-,lookup;crds;cluster-rbac,run catalog promotion review,catalog-promotion-review,,recipes/percona/pxc-operator/1.19.1/recipe.yaml,packages/percona/pxc-operator/1.19.1,recipes/percona/pxc-operator/1.19.1/CATALOG.md,recipes/percona/pxc-operator/1.19.1/helm-pain-report.yaml
68,371,bitnami/apache@11.4.29,next80-proof-grade,not-yet-a-good-catalog-offer,needs-useful-variant,proof-grade-needs-user-shaped-variant,render-parity,1,default,1/1,0/1,0/1,0/1,0/1,0/1,existing-secret (chart ships no Secret toggle),lookup;generated-facts;tpl;capabilities,add at least one user-shaped variant before catalog promotion,user-shaped-variant-backlog,,recipes/bitnami/apache/11.4.29/recipe.yaml,packages/bitnami/apache/11.4.29,recipes/bitnami/apache/11.4.29/CATALOG.md,recipes/bitnami/apache/11.4.29/helm-pain-report.yaml
69,388,grafana/pyroscope@2.0.2,next80-proof-grade,decision-needed-before-promotion,limitation-decision-first,proof-grade-with-named-limitation,local-kubernetes-live,3,default;ha;no-crds,3/3,0/3,1/3,0/3,0/3,0/3,existing-secret (chart ships no Secret toggle),lookup;generated-facts;tpl;capabilities;crds;cluster-rbac;stateful-storage,review limitation before promotion: existing-secret (chart ships no Secret toggle),limitation-review,,recipes/grafana/pyroscope/2.0.2/recipe.yaml,packages/grafana/pyroscope/2.0.2,recipes/grafana/pyroscope/2.0.2/CATALOG.md,recipes/grafana/pyroscope/2.0.2/helm-pain-report.yaml
70,452,aws-ebs-csi-driver/aws-ebs-csi-driver@2.60.1,next80-proof-grade,not-yet-a-good-catalog-offer,needs-useful-variant,proof-grade-needs-user-shaped-variant,render-parity,1,default,1/1,0/1,0/1,0/1,0/1,0/1,-,tpl;capabilities;cluster-rbac,add at least one user-shaped variant before catalog promotion,user-shaped-variant-backlog,,recipes/aws-ebs-csi-driver/aws-ebs-csi-driver/2.60.1/recipe.yaml,packages/aws-ebs-csi-driver/aws-ebs-csi-driver/2.60.1,recipes/aws-ebs-csi-driver/aws-ebs-csi-driver/2.60.1/CATALOG.md,recipes/aws-ebs-csi-driver/aws-ebs-csi-driver/2.60.1/helm-pain-report.yaml
71,499,falcosecurity/falcosidekick@0.13.1,next80-proof-grade,not-yet-a-good-catalog-offer,needs-useful-variant,proof-grade-needs-user-shaped-variant,local-kubernetes-live,1,default,1/1,0/1,1/1,0/1,0/1,0/1,-,capabilities;cluster-rbac;stateful-storage,add at least one user-shaped variant before catalog promotion,user-shaped-variant-backlog,,recipes/falcosecurity/falcosidekick/0.13.1/recipe.yaml,packages/falcosecurity/falcosidekick/0.13.1,recipes/falcosecurity/falcosidekick/0.13.1/CATALOG.md,recipes/falcosecurity/falcosidekick/0.13.1/helm-pain-report.yaml
72,,aqua/trivy-operator@0.32.1,next80-proof-grade,works-as-proof-needs-catalog-review,promote-after-review,proof-grade-ready-for-promotion-review,two-cluster-kind-parity,2,default;no-crds,2/2,0/2,1/2,0/2,0/2,1/2,-,,run catalog promotion review,catalog-promotion-review,,recipes/aqua/trivy-operator/0.32.1/recipe.yaml,packages/aqua/trivy-operator/0.32.1,recipes/aqua/trivy-operator/0.32.1/CATALOG.md,recipes/aqua/trivy-operator/0.32.1/helm-pain-report.yaml
73,,argo-cd/argo-events@2.4.21,next80-proof-grade,works-as-proof-needs-catalog-review,promote-after-review,proof-grade-ready-for-promotion-review,two-cluster-kind-parity,2,default;no-crds,2/2,0/2,2/2,0/2,0/2,2/2,-,,run catalog promotion review,catalog-promotion-review,,recipes/argo-cd/argo-events/2.4.21/recipe.yaml,packages/argo-cd/argo-events/2.4.21,recipes/argo-cd/argo-events/2.4.21/CATALOG.md,recipes/argo-cd/argo-events/2.4.21/helm-pain-report.yaml
74,,argo-cd/argo-rollouts@2.40.9,next80-proof-grade,works-as-proof-needs-catalog-review,promote-after-review,proof-grade-ready-for-promotion-review,two-cluster-kind-parity,2,default;no-crds,2/2,0/2,2/2,0/2,0/2,2/2,-,,run catalog promotion review,catalog-promotion-review,,recipes/argo-cd/argo-rollouts/2.40.9/recipe.yaml,packages/argo-cd/argo-rollouts/2.40.9,recipes/argo-cd/argo-rollouts/2.40.9/CATALOG.md,recipes/argo-cd/argo-rollouts/2.40.9/helm-pain-report.yaml
75,,argo-cd/argo-workflows@1.0.14,next80-proof-grade,not-yet-a-good-catalog-offer,needs-useful-variant,proof-grade-needs-user-shaped-variant,render-parity,1,default,2/2,0/2,0/2,0/2,0/2,0/2,-,,add at least one user-shaped variant before catalog promotion,user-shaped-variant-backlog,,recipes/argo-cd/argo-workflows/1.0.14/recipe.yaml,packages/argo-cd/argo-workflows/1.0.14,recipes/argo-cd/argo-workflows/1.0.14/CATALOG.md,recipes/argo-cd/argo-workflows/1.0.14/helm-pain-report.yaml
76,,argo-cd/argocd-image-updater@1.2.2,next80-proof-grade,not-yet-a-good-catalog-offer,needs-useful-variant,proof-grade-needs-user-shaped-variant,local-kubernetes-live,1,default,1/1,0/1,1/1,0/1,0/1,0/1,no-crds (template-baked CRDs; no clean chart toggle yet),,add at least one user-shaped variant before catalog promotion,user-shaped-variant-backlog,,recipes/argo-cd/argocd-image-updater/1.2.2/recipe.yaml,packages/argo-cd/argocd-image-updater/1.2.2,recipes/argo-cd/argocd-image-updater/1.2.2/CATALOG.md,recipes/argo-cd/argocd-image-updater/1.2.2/helm-pain-report.yaml
77,,autoscaler/cluster-autoscaler@9.57.0,next80-proof-grade,not-yet-a-good-catalog-offer,needs-useful-variant,proof-grade-needs-user-shaped-variant,local-kubernetes-live,1,default,2/2,0/2,2/2,0/2,0/2,0/2,-,,add at least one user-shaped variant before catalog promotion,user-shaped-variant-backlog,,recipes/autoscaler/cluster-autoscaler/9.57.0/recipe.yaml,packages/autoscaler/cluster-autoscaler/9.57.0,recipes/autoscaler/cluster-autoscaler/9.57.0/CATALOG.md,recipes/autoscaler/cluster-autoscaler/9.57.0/helm-pain-report.yaml
78,,autoscaler/vertical-pod-autoscaler@0.9.0,next80-proof-grade,works-as-proof-needs-catalog-review,promote-after-review,proof-grade-ready-for-promotion-review,render-parity,2,default;no-crds,2/2,0/2,0/2,0/2,0/2,0/2,-,,run catalog promotion review,catalog-promotion-review,,recipes/autoscaler/vertical-pod-autoscaler/0.9.0/recipe.yaml,packages/autoscaler/vertical-pod-autoscaler/0.9.0,recipes/autoscaler/vertical-pod-autoscaler/0.9.0/CATALOG.md,recipes/autoscaler/vertical-pod-autoscaler/0.9.0/helm-pain-report.yaml
79,,bitnami/opensearch@2.0.10,next80-proof-grade,works-as-proof-needs-catalog-review,promote-after-review,proof-grade-ready-for-promotion-review,render-parity,2,default;ha,2/2,0/2,0/2,0/2,0/2,0/2,-,,run catalog promotion review,catalog-promotion-review,,recipes/bitnami/opensearch/2.0.10/recipe.yaml,packages/bitnami/opensearch/2.0.10,recipes/bitnami/opensearch/2.0.10/CATALOG.md,recipes/bitnami/opensearch/2.0.10/helm-pain-report.yaml
80,,crossplane-stable/crossplane@2.3.1,next80-proof-grade,not-yet-a-good-catalog-offer,needs-useful-variant,proof-grade-needs-user-shaped-variant,local-kubernetes-live,1,default,1/1,0/1,1/1,0/1,0/1,0/1,-,,add at least one user-shaped variant before catalog promotion,user-shaped-variant-backlog,,recipes/crossplane-stable/crossplane/2.3.1/recipe.yaml,packages/crossplane-stable/crossplane/2.3.1,recipes/crossplane-stable/crossplane/2.3.1/CATALOG.md,recipes/crossplane-stable/crossplane/2.3.1/helm-pain-report.yaml
81,,grafana/promtail@6.17.1,next80-proof-grade,not-yet-a-good-catalog-offer,needs-useful-variant,proof-grade-needs-user-shaped-variant,local-kubernetes-live,1,default,1/1,0/1,1/1,0/1,0/1,0/1,-,,add at least one user-shaped variant before catalog promotion,user-shaped-variant-backlog,,recipes/grafana/promtail/6.17.1/recipe.yaml,packages/grafana/promtail/6.17.1,recipes/grafana/promtail/6.17.1/CATALOG.md,recipes/grafana/promtail/6.17.1/helm-pain-report.yaml
82,,grafana/rollout-operator@0.49.0,next80-proof-grade,works-as-proof-needs-catalog-review,promote-after-review,proof-grade-ready-for-promotion-review,local-kubernetes-live,2,default;no-crds,2/2,0/2,1/2,0/2,0/2,0/2,-,,run catalog promotion review,catalog-promotion-review,,recipes/grafana/rollout-operator/0.49.0/recipe.yaml,packages/grafana/rollout-operator/0.49.0,recipes/grafana/rollout-operator/0.49.0/CATALOG.md,recipes/grafana/rollout-operator/0.49.0/helm-pain-report.yaml
83,,haproxytech/kubernetes-ingress@1.52.0,next80-proof-grade,not-yet-a-good-catalog-offer,needs-useful-variant,proof-grade-needs-user-shaped-variant,local-kubernetes-live,1,default,1/1,0/1,1/1,0/1,0/1,0/1,-,,add at least one user-shaped variant before catalog promotion,user-shaped-variant-backlog,,recipes/haproxytech/kubernetes-ingress/1.52.0/recipe.yaml,packages/haproxytech/kubernetes-ingress/1.52.0,recipes/haproxytech/kubernetes-ingress/1.52.0/CATALOG.md,recipes/haproxytech/kubernetes-ingress/1.52.0/helm-pain-report.yaml
84,,istio/gateway@1.30.0,next80-proof-grade,not-yet-a-good-catalog-offer,needs-useful-variant,proof-grade-needs-user-shaped-variant,render-parity,1,default,2/2,0/2,0/2,0/2,0/2,0/2,-,,add at least one user-shaped variant before catalog promotion,user-shaped-variant-backlog,,recipes/istio/gateway/1.30.0/recipe.yaml,packages/istio/gateway/1.30.0,recipes/istio/gateway/1.30.0/CATALOG.md,recipes/istio/gateway/1.30.0/helm-pain-report.yaml
85,,istio/istiod@1.30.0,next80-proof-grade,not-yet-a-good-catalog-offer,needs-useful-variant,proof-grade-needs-user-shaped-variant,render-parity,1,default,1/1,0/1,0/1,0/1,0/1,0/1,-,,add at least one user-shaped variant before catalog promotion,user-shaped-variant-backlog,,recipes/istio/istiod/1.30.0/recipe.yaml,packages/istio/istiod/1.30.0,recipes/istio/istiod/1.30.0/CATALOG.md,recipes/istio/istiod/1.30.0/helm-pain-report.yaml
86,,jetstack/cert-manager-csi-driver@v0.14.0,next80-proof-grade,not-yet-a-good-catalog-offer,needs-useful-variant,proof-grade-needs-user-shaped-variant,local-kubernetes-live,1,default,1/1,0/1,1/1,0/1,0/1,0/1,-,,add at least one user-shaped variant before catalog promotion,user-shaped-variant-backlog,,recipes/jetstack/cert-manager-csi-driver/v0.14.0/recipe.yaml,packages/jetstack/cert-manager-csi-driver/v0.14.0,recipes/jetstack/cert-manager-csi-driver/v0.14.0/CATALOG.md,recipes/jetstack/cert-manager-csi-driver/v0.14.0/helm-pain-report.yaml
87,,jetstack/trust-manager@v0.22.1,next80-proof-grade,works-as-proof-needs-catalog-review,promote-after-review,proof-grade-ready-for-promotion-review,render-parity,2,default;no-crds,2/2,0/2,0/2,0/2,0/2,0/2,-,,run catalog promotion review,catalog-promotion-review,,recipes/jetstack/trust-manager/v0.22.1/recipe.yaml,packages/jetstack/trust-manager/v0.22.1,recipes/jetstack/trust-manager/v0.22.1/CATALOG.md,recipes/jetstack/trust-manager/v0.22.1/helm-pain-report.yaml
88,,linkerd/linkerd-crds@1.8.0,next80-proof-grade,not-yet-a-good-catalog-offer,needs-useful-variant,proof-grade-needs-user-shaped-variant,local-kubernetes-live,1,default,1/1,0/1,1/1,0/1,0/1,0/1,-,,add at least one user-shaped variant before catalog promotion,user-shaped-variant-backlog,,recipes/linkerd/linkerd-crds/1.8.0/recipe.yaml,packages/linkerd/linkerd-crds/1.8.0,recipes/linkerd/linkerd-crds/1.8.0/CATALOG.md,recipes/linkerd/linkerd-crds/1.8.0/helm-pain-report.yaml
89,,minio-operator/tenant@7.1.1,next80-proof-grade,not-yet-a-good-catalog-offer,needs-useful-variant,proof-grade-needs-user-shaped-variant,render-parity,1,default,1/1,0/1,0/1,0/1,0/1,0/1,-,,add at least one user-shaped variant before catalog promotion,user-shaped-variant-backlog,,recipes/minio-operator/tenant/7.1.1/recipe.yaml,packages/minio-operator/tenant/7.1.1,recipes/minio-operator/tenant/7.1.1/CATALOG.md,recipes/minio-operator/tenant/7.1.1/helm-pain-report.yaml
90,,nats/nack@0.34.0,next80-proof-grade,works-as-proof-needs-catalog-review,promote-after-review,proof-grade-ready-for-promotion-review,local-kubernetes-live,2,default;no-crds,2/2,0/2,1/2,0/2,0/2,0/2,-,,run catalog promotion review,catalog-promotion-review,,recipes/nats/nack/0.34.0/recipe.yaml,packages/nats/nack/0.34.0,recipes/nats/nack/0.34.0/CATALOG.md,recipes/nats/nack/0.34.0/helm-pain-report.yaml
91,,nats/surveyor@0.20.9,next80-proof-grade,not-yet-a-good-catalog-offer,needs-useful-variant,proof-grade-needs-user-shaped-variant,render-parity,1,default,2/2,0/2,0/2,0/2,0/2,0/2,-,,add at least one user-shaped variant before catalog promotion,user-shaped-variant-backlog,,recipes/nats/surveyor/0.20.9/recipe.yaml,packages/nats/surveyor/0.20.9,recipes/nats/surveyor/0.20.9/CATALOG.md,recipes/nats/surveyor/0.20.9/helm-pain-report.yaml
92,,open-telemetry/opentelemetry-operator@0.114.0,next80-proof-grade,works-as-proof-needs-catalog-review,promote-after-review,proof-grade-ready-for-promotion-review,render-parity,2,default;no-crds,2/2,0/2,0/2,0/2,0/2,0/2,-,,run catalog promotion review,catalog-promotion-review,,recipes/open-telemetry/opentelemetry-operator/0.114.0/recipe.yaml,packages/open-telemetry/opentelemetry-operator/0.114.0,recipes/open-telemetry/opentelemetry-operator/0.114.0/CATALOG.md,recipes/open-telemetry/opentelemetry-operator/0.114.0/helm-pain-report.yaml
93,,percona/pg-operator@3.0.0,next80-proof-grade,works-as-proof-needs-catalog-review,promote-after-review,proof-grade-ready-for-promotion-review,local-kubernetes-live,2,default;no-crds,2/2,0/2,1/2,0/2,0/2,0/2,-,,run catalog promotion review,catalog-promotion-review,,recipes/percona/pg-operator/3.0.0/recipe.yaml,packages/percona/pg-operator/3.0.0,recipes/percona/pg-operator/3.0.0/CATALOG.md,recipes/percona/pg-operator/3.0.0/helm-pain-report.yaml
94,,percona/psmdb-operator@1.22.0,next80-proof-grade,works-as-proof-needs-catalog-review,promote-after-review,proof-grade-ready-for-promotion-review,local-kubernetes-live,2,default;no-crds,2/2,0/2,1/2,0/2,0/2,0/2,-,,run catalog promotion review,catalog-promotion-review,,recipes/percona/psmdb-operator/1.22.0/recipe.yaml,packages/percona/psmdb-operator/1.22.0,recipes/percona/psmdb-operator/1.22.0/CATALOG.md,recipes/percona/psmdb-operator/1.22.0/helm-pain-report.yaml
95,,rook-release/rook-ceph@v1.19.5,next80-proof-grade,not-yet-a-good-catalog-offer,needs-useful-variant,proof-grade-needs-user-shaped-variant,render-parity,1,default,1/1,0/1,0/1,0/1,0/1,0/1,no-crds (template-baked CRDs; no clean chart toggle yet),,add at least one user-shaped variant before catalog promotion,user-shaped-variant-backlog,,recipes/rook-release/rook-ceph/v1.19.5/recipe.yaml,packages/rook-release/rook-ceph/v1.19.5,recipes/rook-release/rook-ceph/v1.19.5/CATALOG.md,recipes/rook-release/rook-ceph/v1.19.5/helm-pain-report.yaml
96,,rook-release/rook-ceph-cluster@v1.19.5,next80-proof-grade,not-yet-a-good-catalog-offer,needs-useful-variant,proof-grade-needs-user-shaped-variant,render-parity,1,default,1/1,0/1,0/1,0/1,0/1,0/1,-,,add at least one user-shaped variant before catalog promotion,user-shaped-variant-backlog,,recipes/rook-release/rook-ceph-cluster/v1.19.5/recipe.yaml,packages/rook-release/rook-ceph-cluster/v1.19.5,recipes/rook-release/rook-ceph-cluster/v1.19.5/CATALOG.md,recipes/rook-release/rook-ceph-cluster/v1.19.5/helm-pain-report.yaml
97,,sealed-secrets/sealed-secrets@2.18.6,next80-proof-grade,works-as-proof-needs-catalog-review,promote-after-review,proof-grade-ready-for-promotion-review,local-kubernetes-live,2,default;no-crds,2/2,0/2,1/2,0/2,0/2,0/2,-,,run catalog promotion review,catalog-promotion-review,,recipes/sealed-secrets/sealed-secrets/2.18.6/recipe.yaml,packages/sealed-secrets/sealed-secrets/2.18.6,recipes/sealed-secrets/sealed-secrets/2.18.6/CATALOG.md,recipes/sealed-secrets/sealed-secrets/2.18.6/helm-pain-report.yaml
98,,velero/velero@12.0.1,next80-proof-grade,works-as-proof-needs-catalog-review,promote-after-review,proof-grade-ready-for-promotion-review,render-parity,2,default;no-crds,2/2,0/2,0/2,0/2,0/2,0/2,-,,run catalog promotion review,catalog-promotion-review,,recipes/velero/velero/12.0.1/recipe.yaml,packages/velero/velero/12.0.1,recipes/velero/velero/12.0.1/CATALOG.md,recipes/velero/velero/12.0.1/helm-pain-report.yaml
99,,vm/victoria-logs-single@0.12.5,next80-proof-grade,not-yet-a-good-catalog-offer,needs-useful-variant,proof-grade-needs-user-shaped-variant,render-parity,1,default,1/1,0/1,0/1,0/1,0/1,0/1,-,,add at least one user-shaped variant before catalog promotion,user-shaped-variant-backlog,,recipes/vm/victoria-logs-single/0.12.5/recipe.yaml,packages/vm/victoria-logs-single/0.12.5,recipes/vm/victoria-logs-single/0.12.5/CATALOG.md,recipes/vm/victoria-logs-single/0.12.5/helm-pain-report.yaml
100,,vm/victoria-metrics-single@0.39.0,next80-proof-grade,not-yet-a-good-catalog-offer,needs-useful-variant,proof-grade-needs-user-shaped-variant,render-parity,1,default,2/2,0/2,0/2,0/2,0/2,0/2,-,,add at least one user-shaped variant before catalog promotion,user-shaped-variant-backlog,,recipes/vm/victoria-metrics-single/0.39.0/recipe.yaml,packages/vm/victoria-metrics-single/0.39.0,recipes/vm/victoria-metrics-single/0.39.0/CATALOG.md,recipes/vm/victoria-metrics-single/0.39.0/helm-pain-report.yaml
