recipe,repository,chart,version,status,detail,witness
recipes/aqua/trivy-operator/0.32.1,aqua,trivy-operator,0.32.1,current,witness already matches the locked hash,data/flattening-safety/witnesses/aqua-trivy-operator-0.32.1.yaml
recipes/argo-cd/argo-cd/10.1.3,argo-cd,argo-cd,10.1.3,current,witness already matches the locked hash,data/flattening-safety/witnesses/argo-cd-argo-cd-10.1.3.yaml
recipes/argo-cd/argo-cd/10.2.1,argo-cd,argo-cd,10.2.1,current,witness already matches the locked hash,data/flattening-safety/witnesses/argo-cd-argo-cd-10.2.1.yaml
recipes/argo-cd/argo-cd/9.5.15,argo-cd,argo-cd,9.5.15,current,witness already matches the locked hash,data/flattening-safety/witnesses/argo-cd-argo-cd-9.5.15.yaml
recipes/argo-cd/argo-cd/9.5.17,argo-cd,argo-cd,9.5.17,current,witness already matches the locked hash,data/flattening-safety/witnesses/argo-cd-argo-cd-9.5.17.yaml
recipes/argo-cd/argo-events/2.4.21,argo-cd,argo-events,2.4.21,current,witness already matches the locked hash,data/flattening-safety/witnesses/argo-cd-argo-events-2.4.21.yaml
recipes/argo-cd/argo-rollouts/2.40.9,argo-cd,argo-rollouts,2.40.9,scanned,,data/flattening-safety/witnesses/argo-cd-argo-rollouts-2.40.9.yaml
recipes/argo-cd/argo-workflows/1.0.14,argo-cd,argo-workflows,1.0.14,scanned,,data/flattening-safety/witnesses/argo-cd-argo-workflows-1.0.14.yaml
recipes/argo-cd/argocd-image-updater/1.2.2,argo-cd,argocd-image-updater,1.2.2,scanned,,data/flattening-safety/witnesses/argo-cd-argocd-image-updater-1.2.2.yaml
recipes/autoscaler/cluster-autoscaler/9.57.0,autoscaler,cluster-autoscaler,9.57.0,scanned,,data/flattening-safety/witnesses/autoscaler-cluster-autoscaler-9.57.0.yaml
recipes/autoscaler/vertical-pod-autoscaler/0.9.0,autoscaler,vertical-pod-autoscaler,0.9.0,scanned,,data/flattening-safety/witnesses/autoscaler-vertical-pod-autoscaler-0.9.0.yaml
recipes/aws-controllers-k8s/ec2-chart/1.18.4,aws-controllers-k8s,ec2-chart,1.18.4,current,witness already matches the locked hash,data/flattening-safety/witnesses/aws-controllers-k8s-ec2-chart-1.18.4.yaml
recipes/aws-controllers-k8s/eks-chart/1.16.3,aws-controllers-k8s,eks-chart,1.16.3,current,witness already matches the locked hash,data/flattening-safety/witnesses/aws-controllers-k8s-eks-chart-1.16.3.yaml
recipes/aws-controllers-k8s/iam-chart/1.7.3,aws-controllers-k8s,iam-chart,1.7.3,current,witness already matches the locked hash,data/flattening-safety/witnesses/aws-controllers-k8s-iam-chart-1.7.3.yaml
recipes/aws-ebs-csi-driver/aws-ebs-csi-driver/2.60.1,aws-ebs-csi-driver,aws-ebs-csi-driver,2.60.1,scanned,,data/flattening-safety/witnesses/aws-ebs-csi-driver-aws-ebs-csi-driver-2.60.1.yaml
recipes/bitnami/apache/11.4.29,bitnami,apache,11.4.29,scanned,,data/flattening-safety/witnesses/bitnami-apache-11.4.29.yaml
recipes/bitnami/contour/21.1.4,bitnami,contour,21.1.4,scanned,,data/flattening-safety/witnesses/bitnami-contour-21.1.4.yaml
recipes/bitnami/elasticsearch/22.1.6,bitnami,elasticsearch,22.1.6,scanned,,data/flattening-safety/witnesses/bitnami-elasticsearch-22.1.6.yaml
recipes/bitnami/memcached/8.5.5,bitnami,memcached,8.5.5,scanned,,data/flattening-safety/witnesses/bitnami-memcached-8.5.5.yaml
recipes/bitnami/mongodb/19.0.7,bitnami,mongodb,19.0.7,scanned,,data/flattening-safety/witnesses/bitnami-mongodb-19.0.7.yaml
recipes/bitnami/mongodb/19.0.9,bitnami,mongodb,19.0.9,scanned,,data/flattening-safety/witnesses/bitnami-mongodb-19.0.9.yaml
recipes/bitnami/mongodb/19.1.0,bitnami,mongodb,19.1.0,scanned,,data/flattening-safety/witnesses/bitnami-mongodb-19.1.0.yaml
recipes/bitnami/mysql/14.0.3,bitnami,mysql,14.0.3,scanned,,data/flattening-safety/witnesses/bitnami-mysql-14.0.3.yaml
recipes/bitnami/nginx/24.0.2,bitnami,nginx,24.0.2,scanned,,data/flattening-safety/witnesses/bitnami-nginx-24.0.2.yaml
recipes/bitnami/nginx/24.0.4,bitnami,nginx,24.0.4,scanned,,data/flattening-safety/witnesses/bitnami-nginx-24.0.4.yaml
recipes/bitnami/nginx/25.0.0,bitnami,nginx,25.0.0,scanned,,data/flattening-safety/witnesses/bitnami-nginx-25.0.0.yaml
recipes/bitnami/opensearch/2.0.10,bitnami,opensearch,2.0.10,scanned,,data/flattening-safety/witnesses/bitnami-opensearch-2.0.10.yaml
recipes/bitnami/phpmyadmin/20.0.0,bitnami,phpmyadmin,20.0.0,scanned,,data/flattening-safety/witnesses/bitnami-phpmyadmin-20.0.0.yaml
recipes/bitnami/postgresql/18.6.10,bitnami,postgresql,18.6.10,scanned,,data/flattening-safety/witnesses/bitnami-postgresql-18.6.10.yaml
recipes/bitnami/postgresql/18.6.7,bitnami,postgresql,18.6.7,scanned,,data/flattening-safety/witnesses/bitnami-postgresql-18.6.7.yaml
recipes/bitnami/postgresql/18.7.0,bitnami,postgresql,18.7.0,scanned,,data/flattening-safety/witnesses/bitnami-postgresql-18.7.0.yaml
recipes/bitnami/rabbitmq/16.0.14,bitnami,rabbitmq,16.0.14,scanned,,data/flattening-safety/witnesses/bitnami-rabbitmq-16.0.14.yaml
recipes/bitnami/redis/25.5.3,bitnami,redis,25.5.3,scanned,,data/flattening-safety/witnesses/bitnami-redis-25.5.3.yaml
recipes/bitnami/redis/27.0.0,bitnami,redis,27.0.0,current,witness already matches the locked hash,data/flattening-safety/witnesses/bitnami-redis-27.0.0.yaml
recipes/bitnami/spark/10.0.3,bitnami,spark,10.0.3,scanned,,data/flattening-safety/witnesses/bitnami-spark-10.0.3.yaml
recipes/bitnami/zookeeper/13.8.7,bitnami,zookeeper,13.8.7,scanned,,data/flattening-safety/witnesses/bitnami-zookeeper-13.8.7.yaml
recipes/cloudnative-pg/cloudnative-pg/0.28.2,cloudnative-pg,cloudnative-pg,0.28.2,scanned,,data/flattening-safety/witnesses/cloudnative-pg-cloudnative-pg-0.28.2.yaml
recipes/coredns/coredns/1.45.2,coredns,coredns,1.45.2,scanned,,data/flattening-safety/witnesses/coredns-coredns-1.45.2.yaml
recipes/crossplane-stable/crossplane/2.3.1,crossplane-stable,crossplane,2.3.1,scanned,,data/flattening-safety/witnesses/crossplane-stable-crossplane-2.3.1.yaml
recipes/descheduler/descheduler/0.36.0,descheduler,descheduler,0.36.0,scanned,,data/flattening-safety/witnesses/descheduler-descheduler-0.36.0.yaml
recipes/dex/dex/0.24.0,dex,dex,0.24.0,scanned,,data/flattening-safety/witnesses/dex-dex-0.24.0.yaml
recipes/elastic/eck-operator/3.4.0,elastic,eck-operator,3.4.0,scanned,,data/flattening-safety/witnesses/elastic-eck-operator-3.4.0.yaml
recipes/elastic/filebeat/8.5.1,elastic,filebeat,8.5.1,scanned,,data/flattening-safety/witnesses/elastic-filebeat-8.5.1.yaml
recipes/elastic/kibana/8.5.1,elastic,kibana,8.5.1,scanned,,data/flattening-safety/witnesses/elastic-kibana-8.5.1.yaml
recipes/elastic/logstash/8.5.1,elastic,logstash,8.5.1,scanned,,data/flattening-safety/witnesses/elastic-logstash-8.5.1.yaml
recipes/elastic/metricbeat/8.5.1,elastic,metricbeat,8.5.1,scanned,,data/flattening-safety/witnesses/elastic-metricbeat-8.5.1.yaml
recipes/external-dns/external-dns/1.21.1,external-dns,external-dns,1.21.1,scanned,,data/flattening-safety/witnesses/external-dns-external-dns-1.21.1.yaml
recipes/external-secrets/external-secrets/2.5.0,external-secrets,external-secrets,2.5.0,scanned,,data/flattening-safety/witnesses/external-secrets-external-secrets-2.5.0.yaml
recipes/external-secrets/external-secrets/2.7.0,external-secrets,external-secrets,2.7.0,scanned,,data/flattening-safety/witnesses/external-secrets-external-secrets-2.7.0.yaml
recipes/external-secrets/external-secrets/2.8.0,external-secrets,external-secrets,2.8.0,current,witness already matches the locked hash,data/flattening-safety/witnesses/external-secrets-external-secrets-2.8.0.yaml
recipes/fairwinds-stable/goldilocks/10.3.0,fairwinds-stable,goldilocks,10.3.0,hash-mismatch,upstream now publishes 3e51ce8032b0 where the lock records 9498a6f49cde,
recipes/fairwinds-stable/vpa/4.11.0,fairwinds-stable,vpa,4.11.0,hash-mismatch,upstream now publishes 2751f4ad7d3b where the lock records 28b48002bf80,
recipes/falcosecurity/falco/9.0.0,falcosecurity,falco,9.0.0,scanned,,data/flattening-safety/witnesses/falcosecurity-falco-9.0.0.yaml
recipes/falcosecurity/falcosidekick/0.13.1,falcosecurity,falcosidekick,0.13.1,scanned,,data/flattening-safety/witnesses/falcosecurity-falcosidekick-0.13.1.yaml
recipes/fluent/fluent-bit/0.57.6,fluent,fluent-bit,0.57.6,scanned,,data/flattening-safety/witnesses/fluent-fluent-bit-0.57.6.yaml
recipes/fluent/fluentd/0.5.3,fluent,fluentd,0.5.3,scanned,,data/flattening-safety/witnesses/fluent-fluentd-0.5.3.yaml
recipes/gatekeeper/gatekeeper/3.22.2,gatekeeper,gatekeeper,3.22.2,scanned,,data/flattening-safety/witnesses/gatekeeper-gatekeeper-3.22.2.yaml
recipes/gitlab/gitlab-runner/0.89.0,gitlab,gitlab-runner,0.89.0,scanned,,data/flattening-safety/witnesses/gitlab-gitlab-runner-0.89.0.yaml
recipes/grafana/alloy/1.11.0,grafana,alloy,1.11.0,scanned,,data/flattening-safety/witnesses/grafana-alloy-1.11.0.yaml
recipes/grafana/alloy/1.8.2,grafana,alloy,1.8.2,scanned,,data/flattening-safety/witnesses/grafana-alloy-1.8.2.yaml
recipes/grafana/grafana/10.5.15,grafana,grafana,10.5.15,scanned,,data/flattening-safety/witnesses/grafana-grafana-10.5.15.yaml
recipes/grafana/loki/7.0.0,grafana,loki,7.0.0,scanned,,data/flattening-safety/witnesses/grafana-loki-7.0.0.yaml
recipes/grafana/loki/7.1.0,grafana,loki,7.1.0,scanned,,data/flattening-safety/witnesses/grafana-loki-7.1.0.yaml
recipes/grafana/promtail/6.17.1,grafana,promtail,6.17.1,scanned,,data/flattening-safety/witnesses/grafana-promtail-6.17.1.yaml
recipes/grafana/pyroscope/2.0.2,grafana,pyroscope,2.0.2,scanned,,data/flattening-safety/witnesses/grafana-pyroscope-2.0.2.yaml
recipes/grafana/rollout-operator/0.49.0,grafana,rollout-operator,0.49.0,scanned,,data/flattening-safety/witnesses/grafana-rollout-operator-0.49.0.yaml
recipes/grafana/tempo/1.24.4,grafana,tempo,1.24.4,scanned,,data/flattening-safety/witnesses/grafana-tempo-1.24.4.yaml
recipes/haproxytech/kubernetes-ingress/1.52.0,haproxytech,kubernetes-ingress,1.52.0,scanned,,data/flattening-safety/witnesses/haproxytech-kubernetes-ingress-1.52.0.yaml
recipes/hashicorp/consul/2.0.0,hashicorp,consul,2.0.0,scanned,,data/flattening-safety/witnesses/hashicorp-consul-2.0.0.yaml
recipes/hashicorp/terraform/1.1.2,hashicorp,terraform,1.1.2,scanned,,data/flattening-safety/witnesses/hashicorp-terraform-1.1.2.yaml
recipes/hashicorp/vault/0.32.0,hashicorp,vault,0.32.0,scanned,,data/flattening-safety/witnesses/hashicorp-vault-0.32.0.yaml
recipes/ingress-nginx/ingress-nginx/4.15.1,ingress-nginx,ingress-nginx,4.15.1,scanned,,data/flattening-safety/witnesses/ingress-nginx-ingress-nginx-4.15.1.yaml
recipes/istio/gateway/1.30.0,istio,gateway,1.30.0,scanned,,data/flattening-safety/witnesses/istio-gateway-1.30.0.yaml
recipes/istio/istiod/1.30.0,istio,istiod,1.30.0,scanned,,data/flattening-safety/witnesses/istio-istiod-1.30.0.yaml
recipes/jaegertracing/jaeger-operator/2.57.0,jaegertracing,jaeger-operator,2.57.0,scanned,,data/flattening-safety/witnesses/jaegertracing-jaeger-operator-2.57.0.yaml
recipes/jaegertracing/jaeger/4.8.0,jaegertracing,jaeger,4.8.0,scanned,,data/flattening-safety/witnesses/jaegertracing-jaeger-4.8.0.yaml
recipes/jetstack/cert-manager-csi-driver/v0.14.0,jetstack,cert-manager-csi-driver,v0.14.0,scanned,,data/flattening-safety/witnesses/jetstack-cert-manager-csi-driver-v0.14.0.yaml
recipes/jetstack/cert-manager/v1.20.2,jetstack,cert-manager,v1.20.2,scanned,,data/flattening-safety/witnesses/jetstack-cert-manager-v1.20.2.yaml
recipes/jetstack/cert-manager/v1.21.0,jetstack,cert-manager,v1.21.0,current,witness already matches the locked hash,data/flattening-safety/witnesses/jetstack-cert-manager-v1.21.0.yaml
recipes/jetstack/trust-manager/v0.22.1,jetstack,trust-manager,v0.22.1,scanned,,data/flattening-safety/witnesses/jetstack-trust-manager-v0.22.1.yaml
recipes/karpenter/karpenter/1.14.0,karpenter,karpenter,1.14.0,current,witness already matches the locked hash,data/flattening-safety/witnesses/karpenter-karpenter-1.14.0.yaml
recipes/kedacore/keda/2.19.0,kedacore,keda,2.19.0,scanned,,data/flattening-safety/witnesses/kedacore-keda-2.19.0.yaml
recipes/kyverno/kyverno-policies/3.8.0,kyverno,kyverno-policies,3.8.0,scanned,,data/flattening-safety/witnesses/kyverno-kyverno-policies-3.8.0.yaml
recipes/kyverno/kyverno-policies/3.8.2,kyverno,kyverno-policies,3.8.2,scanned,,data/flattening-safety/witnesses/kyverno-kyverno-policies-3.8.2.yaml
recipes/kyverno/kyverno/3.8.1,kyverno,kyverno,3.8.1,current,witness already matches the locked hash,data/flattening-safety/witnesses/kyverno-kyverno-3.8.1.yaml
recipes/kyverno/kyverno/3.8.2,kyverno,kyverno,3.8.2,scanned,,data/flattening-safety/witnesses/kyverno-kyverno-3.8.2.yaml
recipes/linkerd/linkerd-crds/1.8.0,linkerd,linkerd-crds,1.8.0,scanned,,data/flattening-safety/witnesses/linkerd-linkerd-crds-1.8.0.yaml
recipes/longhorn/longhorn/1.11.2,longhorn,longhorn,1.11.2,scanned,,data/flattening-safety/witnesses/longhorn-longhorn-1.11.2.yaml
recipes/longhorn/longhorn/1.12.0,longhorn,longhorn,1.12.0,scanned,,data/flattening-safety/witnesses/longhorn-longhorn-1.12.0.yaml
recipes/metallb/metallb/0.16.1,metallb,metallb,0.16.1,scanned,,data/flattening-safety/witnesses/metallb-metallb-0.16.1.yaml
recipes/metrics-server/metrics-server/3.13.0,metrics-server,metrics-server,3.13.0,scanned,,data/flattening-safety/witnesses/metrics-server-metrics-server-3.13.0.yaml
recipes/metrics-server/metrics-server/3.13.1,metrics-server,metrics-server,3.13.1,current,witness already matches the locked hash,data/flattening-safety/witnesses/metrics-server-metrics-server-3.13.1.yaml
recipes/minio-operator/operator/7.1.1,minio-operator,operator,7.1.1,scanned,,data/flattening-safety/witnesses/minio-operator-operator-7.1.1.yaml
recipes/minio-operator/tenant/7.1.1,minio-operator,tenant,7.1.1,scanned,,data/flattening-safety/witnesses/minio-operator-tenant-7.1.1.yaml
recipes/nats/nack/0.34.0,nats,nack,0.34.0,scanned,,data/flattening-safety/witnesses/nats-nack-0.34.0.yaml
recipes/nats/nats/2.14.0,nats,nats,2.14.0,scanned,,data/flattening-safety/witnesses/nats-nats-2.14.0.yaml
recipes/nats/surveyor/0.20.9,nats,surveyor,0.20.9,scanned,,data/flattening-safety/witnesses/nats-surveyor-0.20.9.yaml
recipes/nfs-subdir-external-provisioner/nfs-subdir-external-provisioner/4.0.18,nfs-subdir-external-provisioner,nfs-subdir-external-provisioner,4.0.18,scanned,,data/flattening-safety/witnesses/nfs-subdir-external-provisioner-nfs-subdir-external-provisioner-4.0.18.yaml
recipes/nvidia/nvidia-device-plugin/0.19.3,nvidia,nvidia-device-plugin,0.19.3,current,witness already matches the locked hash,data/flattening-safety/witnesses/nvidia-nvidia-device-plugin-0.19.3.yaml
recipes/oauth2-proxy/oauth2-proxy/10.7.0,oauth2-proxy,oauth2-proxy,10.7.0,scanned,,data/flattening-safety/witnesses/oauth2-proxy-oauth2-proxy-10.7.0.yaml
recipes/open-telemetry/opentelemetry-operator/0.114.0,open-telemetry,opentelemetry-operator,0.114.0,scanned,,data/flattening-safety/witnesses/open-telemetry-opentelemetry-operator-0.114.0.yaml
recipes/opencost/opencost/2.5.21,opencost,opencost,2.5.21,scanned,,data/flattening-safety/witnesses/opencost-opencost-2.5.21.yaml
recipes/percona/pg-operator/3.0.0,percona,pg-operator,3.0.0,scanned,,data/flattening-safety/witnesses/percona-pg-operator-3.0.0.yaml
recipes/percona/psmdb-operator/1.22.0,percona,psmdb-operator,1.22.0,scanned,,data/flattening-safety/witnesses/percona-psmdb-operator-1.22.0.yaml
recipes/percona/pxc-operator/1.19.1,percona,pxc-operator,1.19.1,scanned,,data/flattening-safety/witnesses/percona-pxc-operator-1.19.1.yaml
recipes/policy-reporter/policy-reporter/3.9.1,policy-reporter,policy-reporter,3.9.1,scanned,,data/flattening-safety/witnesses/policy-reporter-policy-reporter-3.9.1.yaml
recipes/projectcalico/tigera-operator/v3.32.0,projectcalico,tigera-operator,v3.32.0,scanned,,data/flattening-safety/witnesses/projectcalico-tigera-operator-v3.32.0.yaml
recipes/prometheus-community/alertmanager/1.37.0,prometheus-community,alertmanager,1.37.0,scanned,,data/flattening-safety/witnesses/prometheus-community-alertmanager-1.37.0.yaml
recipes/prometheus-community/kube-prometheus-stack/85.3.3,prometheus-community,kube-prometheus-stack,85.3.3,scanned,,data/flattening-safety/witnesses/prometheus-community-kube-prometheus-stack-85.3.3.yaml
recipes/prometheus-community/kube-prometheus-stack/86.1.0,prometheus-community,kube-prometheus-stack,86.1.0,scanned,,data/flattening-safety/witnesses/prometheus-community-kube-prometheus-stack-86.1.0.yaml
recipes/prometheus-community/kube-prometheus-stack/87.15.1,prometheus-community,kube-prometheus-stack,87.15.1,scanned,,data/flattening-safety/witnesses/prometheus-community-kube-prometheus-stack-87.15.1.yaml
recipes/prometheus-community/kube-prometheus-stack/87.19.2,prometheus-community,kube-prometheus-stack,87.19.2,current,witness already matches the locked hash,data/flattening-safety/witnesses/prometheus-community-kube-prometheus-stack-87.19.2.yaml
recipes/prometheus-community/kube-state-metrics/7.4.0,prometheus-community,kube-state-metrics,7.4.0,scanned,,data/flattening-safety/witnesses/prometheus-community-kube-state-metrics-7.4.0.yaml
recipes/prometheus-community/prometheus-adapter/5.3.0,prometheus-community,prometheus-adapter,5.3.0,scanned,,data/flattening-safety/witnesses/prometheus-community-prometheus-adapter-5.3.0.yaml
recipes/prometheus-community/prometheus-blackbox-exporter/11.10.0,prometheus-community,prometheus-blackbox-exporter,11.10.0,scanned,,data/flattening-safety/witnesses/prometheus-community-prometheus-blackbox-exporter-11.10.0.yaml
recipes/prometheus-community/prometheus-blackbox-exporter/11.15.1,prometheus-community,prometheus-blackbox-exporter,11.15.1,scanned,,data/flattening-safety/witnesses/prometheus-community-prometheus-blackbox-exporter-11.15.1.yaml
recipes/prometheus-community/prometheus-node-exporter/4.55.0,prometheus-community,prometheus-node-exporter,4.55.0,scanned,,data/flattening-safety/witnesses/prometheus-community-prometheus-node-exporter-4.55.0.yaml
recipes/prometheus-community/prometheus-operator-crds/29.0.0,prometheus-community,prometheus-operator-crds,29.0.0,scanned,,data/flattening-safety/witnesses/prometheus-community-prometheus-operator-crds-29.0.0.yaml
recipes/prometheus-community/prometheus-pushgateway/3.6.0,prometheus-community,prometheus-pushgateway,3.6.0,scanned,,data/flattening-safety/witnesses/prometheus-community-prometheus-pushgateway-3.6.0.yaml
recipes/prometheus-community/prometheus/29.8.0,prometheus-community,prometheus,29.8.0,scanned,,data/flattening-safety/witnesses/prometheus-community-prometheus-29.8.0.yaml
recipes/prometheus-community/prometheus/29.9.0,prometheus-community,prometheus,29.9.0,scanned,,data/flattening-safety/witnesses/prometheus-community-prometheus-29.9.0.yaml
recipes/rook-release/rook-ceph-cluster/v1.19.5,rook-release,rook-ceph-cluster,v1.19.5,scanned,,data/flattening-safety/witnesses/rook-release-rook-ceph-cluster-v1.19.5.yaml
recipes/rook-release/rook-ceph/v1.19.5,rook-release,rook-ceph,v1.19.5,scanned,,data/flattening-safety/witnesses/rook-release-rook-ceph-v1.19.5.yaml
recipes/runix/pgadmin4/1.62.0,runix,pgadmin4,1.62.0,scanned,,data/flattening-safety/witnesses/runix-pgadmin4-1.62.0.yaml
recipes/sealed-secrets/sealed-secrets/2.18.6,sealed-secrets,sealed-secrets,2.18.6,unavailable,"Error: looks like ""https://bitnami-labs.github.io/sealed-secrets"" is not a valid chart repository or cannot be reached: failed to fetch https://bitnami-labs.github.io/sealed-secret",
recipes/secrets-store-csi-driver/secrets-store-csi-driver/1.6.0,secrets-store-csi-driver,secrets-store-csi-driver,1.6.0,scanned,,data/flattening-safety/witnesses/secrets-store-csi-driver-secrets-store-csi-driver-1.6.0.yaml
recipes/stakater/reloader/2.2.12,stakater,reloader,2.2.12,scanned,,data/flattening-safety/witnesses/stakater-reloader-2.2.12.yaml
recipes/stakater/reloader/2.2.14,stakater,reloader,2.2.14,scanned,,data/flattening-safety/witnesses/stakater-reloader-2.2.14.yaml
recipes/strimzi/strimzi-kafka-operator/1.0.0,strimzi,strimzi-kafka-operator,1.0.0,scanned,,data/flattening-safety/witnesses/strimzi-strimzi-kafka-operator-1.0.0.yaml
recipes/traefik/traefik/40.2.0,traefik,traefik,40.2.0,scanned,,data/flattening-safety/witnesses/traefik-traefik-40.2.0.yaml
recipes/traefik/traefik/41.0.2,traefik,traefik,41.0.2,current,witness already matches the locked hash,data/flattening-safety/witnesses/traefik-traefik-41.0.2.yaml
recipes/velero/velero/12.0.1,velero,velero,12.0.1,scanned,,data/flattening-safety/witnesses/velero-velero-12.0.1.yaml
recipes/velero/velero/12.1.0,velero,velero,12.1.0,scanned,,data/flattening-safety/witnesses/velero-velero-12.1.0.yaml
recipes/vm/victoria-logs-single/0.12.5,vm,victoria-logs-single,0.12.5,scanned,,data/flattening-safety/witnesses/vm-victoria-logs-single-0.12.5.yaml
recipes/vm/victoria-metrics-single/0.39.0,vm,victoria-metrics-single,0.39.0,scanned,,data/flattening-safety/witnesses/vm-victoria-metrics-single-0.39.0.yaml
