chart,support_status,production_readiness,model_supported_level2,model_score,variant_count,variant_rich,base_rows,complete_core_rows,render_parity_pass,in_confighub_pass,local_live_pass,gitops_live_pass,gitops_live_non_pass_receipts,live_parity_pass,live_parity_non_pass_receipts,two_cluster_kind_parity_pass,two_cluster_kind_parity_non_pass_receipts,lifecycle_observation_pass,supported_variants,hook_route_status,feature_summary,hard_gap,buildable_backlog,recipe_path
aqua/trivy-operator@0.32.1,proof-grade,not-reviewed-for-production,yes,6/6,2,yes,2,2,2,2,2,2,0,2,0,2,0,0,default;no-crds,,crds;extension-slots,- (no open gap: recommended capabilities built or n/a; quirks modeled - Level 2),existing-secret (buildable - not yet run),recipes/aqua/trivy-operator/0.32.1
argo-cd/argo-cd@9.5.15,catalog-supported,production-review-ready,yes,6/6,2,yes,2,1,2,2,1,2,0,2,0,2,0,0,default;no-crds,,crds;extension-slots;remote-dependencies,ha (curated proof lane - bespoke teaching needed),existing-secret (buildable - not yet run),recipes/argo-cd/argo-cd/9.5.15
argo-cd/argo-cd@9.5.17,catalog-candidate,not-reviewed-for-production,yes,6/6,2,yes,2,0,2,2,2,0,0,0,0,0,0,0,default;no-crds,,none-recorded,,,recipes/argo-cd/argo-cd/9.5.17
argo-cd/argo-events@2.4.21,proof-grade,not-reviewed-for-production,yes,6/6,2,yes,2,1,2,2,2,1,0,1,0,2,0,0,default;no-crds,,crds;extension-slots,- (no open gap: recommended capabilities built or n/a; quirks modeled - Level 2),-,recipes/argo-cd/argo-events/2.4.21
argo-cd/argo-rollouts@2.40.9,proof-grade,not-reviewed-for-production,yes,6/6,2,yes,2,2,2,2,2,2,0,2,0,2,0,0,default;no-crds,,crds;extension-slots,- (no open gap: recommended capabilities built or n/a; quirks modeled - Level 2),-,recipes/argo-cd/argo-rollouts/2.40.9
argo-cd/argo-workflows@1.0.14,proof-grade,not-reviewed-for-production,yes,6/6,2,yes,3,1,3,3,1,1,0,1,0,0,0,0,controller-default-reviewed;default;minimal-crds,,extension-slots,- (no open gap: recommended capabilities built or n/a; quirks modeled - Level 2),-,recipes/argo-cd/argo-workflows/1.0.14
argo-cd/argocd-image-updater@1.2.2,proof-grade,not-reviewed-for-production,yes,6/6,1,no,1,0,1,1,1,0,0,0,0,0,0,0,default,,crds;extension-slots,no-crds (template-baked CRDs; no clean chart toggle yet),existing-secret (buildable - not yet run),recipes/argo-cd/argocd-image-updater/1.2.2
autoscaler/cluster-autoscaler@9.57.0,proof-grade,not-reviewed-for-production,yes,6/6,2,yes,2,0,2,2,2,0,0,0,0,0,0,0,controller-default-reviewed;default,,extension-slots,- (no open gap: recommended capabilities built or n/a; quirks modeled - Level 2),-,recipes/autoscaler/cluster-autoscaler/9.57.0
autoscaler/vertical-pod-autoscaler@0.9.0,proof-grade,not-reviewed-for-production,yes,6/6,2,yes,2,0,2,2,0,0,0,0,0,2,0,0,default;no-crds,,crds;extension-slots,- (no open gap: recommended capabilities built or n/a; quirks modeled - Level 2),existing-secret (buildable - not yet run),recipes/autoscaler/vertical-pod-autoscaler/0.9.0
aws-ebs-csi-driver/aws-ebs-csi-driver@2.60.1,proof-grade,not-reviewed-for-production,yes,6/6,1,no,1,0,1,1,0,0,0,0,0,0,0,0,default,,required-values;values-schema;extension-slots,- (no open gap: recommended capabilities built or n/a; quirks modeled - Level 2),-,recipes/aws-ebs-csi-driver/aws-ebs-csi-driver/2.60.1
bitnami/apache@11.4.29,proof-grade,not-reviewed-for-production,yes,6/6,1,no,1,0,1,0,0,0,0,0,0,0,0,0,default,,generated-secrets;values-schema;install-vs-upgrade;extension-slots,existing-secret (chart ships no Secret toggle),-,recipes/bitnami/apache/11.4.29
bitnami/contour@21.1.4,proof-grade,not-reviewed-for-production,yes,6/6,2,yes,2,0,2,0,0,0,0,0,0,0,0,0,default;no-crds,,generated-secrets;crds;install-vs-upgrade;extension-slots,existing-secret (chart ships no Secret toggle),-,recipes/bitnami/contour/21.1.4
bitnami/elasticsearch@22.1.6,proof-grade,not-reviewed-for-production,yes,6/6,2,yes,2,0,2,0,0,0,0,0,0,0,0,0,default;ha,,generated-secrets;required-values;install-vs-upgrade;extension-slots;remote-dependencies;dependency-range-frozen,existing-secret (chart ships no Secret toggle),-,recipes/bitnami/elasticsearch/22.1.6
bitnami/memcached@8.5.5,proof-grade,not-reviewed-for-production,yes,6/6,1,no,1,0,1,0,1,0,0,0,0,0,0,0,default,,generated-secrets;install-vs-upgrade;extension-slots,existing-secret (chart ships no Secret toggle),-,recipes/bitnami/memcached/8.5.5
bitnami/mongodb@19.0.7,catalog-supported,production-review-ready,yes,6/6,2,yes,2,2,2,2,2,2,0,2,0,2,0,0,generated-passwords;existing-secret-replicaset,,generated-secrets;required-values;install-vs-upgrade;extension-slots;remote-dependencies,- (no open gap: recommended capabilities built or n/a; quirks modeled - Level 2),-,recipes/bitnami/mongodb/19.0.7
bitnami/mongodb@19.0.9,catalog-candidate,not-reviewed-for-production,yes,6/6,2,yes,2,0,2,0,2,0,0,0,0,0,0,0,existing-secret-replicaset;generated-passwords,,none-recorded,,,recipes/bitnami/mongodb/19.0.9
bitnami/mongodb@19.1.0,catalog-candidate,not-reviewed-for-production,yes,6/6,2,yes,2,0,2,0,2,0,0,0,0,0,0,0,existing-secret-replicaset;generated-passwords,,none-recorded,,,recipes/bitnami/mongodb/19.1.0
bitnami/mysql@14.0.3,catalog-supported,production-review-ready,yes,6/6,2,yes,2,2,2,2,2,2,0,2,0,2,0,0,generated-passwords;existing-secret,,generated-secrets;required-values;values-schema;install-vs-upgrade;remote-dependencies;dependency-range-frozen,ha (curated proof lane - bespoke teaching needed),-,recipes/bitnami/mysql/14.0.3
bitnami/nginx@24.0.2,catalog-supported,production-review-ready,yes,6/6,2,yes,2,2,2,2,2,2,0,2,0,2,0,0,http-clusterip;existing-tls-ingress,,generated-secrets;install-vs-upgrade;extension-slots;remote-dependencies,existing-secret (chart ships no Secret toggle),-,recipes/bitnami/nginx/24.0.2
bitnami/nginx@24.0.4,catalog-candidate,not-reviewed-for-production,yes,6/6,2,yes,2,0,2,0,2,0,0,0,0,0,0,0,existing-tls-ingress;http-clusterip,,none-recorded,,,recipes/bitnami/nginx/24.0.4
bitnami/nginx@25.0.0,catalog-candidate,not-reviewed-for-production,yes,6/6,2,yes,2,0,2,0,2,0,0,0,0,0,0,0,existing-tls-ingress;http-clusterip,,none-recorded,,,recipes/bitnami/nginx/25.0.0
bitnami/opensearch@2.0.10,proof-grade,not-reviewed-for-production,yes,6/6,2,yes,2,0,2,1,0,0,0,0,0,0,0,0,default;ha,,extension-slots,- (no open gap: recommended capabilities built or n/a; quirks modeled - Level 2),existing-secret (buildable - not yet run),recipes/bitnami/opensearch/2.0.10
bitnami/phpmyadmin@20.0.0,proof-grade,not-reviewed-for-production,yes,6/6,1,no,1,0,1,0,0,0,0,0,0,0,0,0,default,,generated-secrets;required-values;values-schema;install-vs-upgrade;extension-slots,existing-secret (chart ships no Secret toggle),-,recipes/bitnami/phpmyadmin/20.0.0
bitnami/postgresql@18.6.10,catalog-candidate,not-reviewed-for-production,yes,6/6,2,yes,2,0,2,0,2,0,0,0,0,0,0,0,existing-secret;generated-passwords,,none-recorded,,,recipes/bitnami/postgresql/18.6.10
bitnami/postgresql@18.6.7,catalog-supported,production-review-ready,yes,6/6,2,yes,2,2,2,2,2,2,0,2,0,2,0,0,generated-passwords;existing-secret,,generated-secrets;required-values;install-vs-upgrade;remote-dependencies,ha (curated proof lane - bespoke teaching needed),-,recipes/bitnami/postgresql/18.6.7
bitnami/postgresql@18.7.0,catalog-candidate,not-reviewed-for-production,yes,6/6,2,yes,2,0,2,0,2,0,0,0,0,0,0,0,existing-secret;generated-passwords,,none-recorded,,,recipes/bitnami/postgresql/18.7.0
bitnami/rabbitmq@16.0.14,catalog-supported,production-review-ready,yes,6/6,2,yes,2,2,2,2,2,2,0,2,0,2,0,0,generated-passwords;existing-secret,,generated-secrets;required-values;values-schema;install-vs-upgrade;remote-dependencies;dependency-range-frozen,ha (curated proof lane - bespoke teaching needed),-,recipes/bitnami/rabbitmq/16.0.14
bitnami/redis@25.5.3,catalog-supported,production-review-ready,yes,6/6,2,yes,2,2,2,2,2,2,0,2,0,2,0,0,default;reuse-existing-secret,,generated-secrets;required-values;install-vs-upgrade;remote-dependencies,- (no open gap: recommended capabilities built or n/a; quirks modeled - Level 2),-,recipes/bitnami/redis/25.5.3
bitnami/redis@27.0.0,catalog-candidate,not-reviewed-for-production,yes,6/6,2,yes,2,0,2,0,2,0,0,0,0,0,0,0,default;reuse-existing-secret,,none-recorded,,,recipes/bitnami/redis/27.0.0
bitnami/spark@10.0.3,proof-grade,not-reviewed-for-production,yes,6/6,2,yes,2,0,2,0,0,0,0,0,0,0,0,0,default;ha,,generated-secrets;install-vs-upgrade;extension-slots,existing-secret (chart ships no Secret toggle),-,recipes/bitnami/spark/10.0.3
bitnami/zookeeper@13.8.7,proof-grade,not-reviewed-for-production,yes,6/6,2,yes,2,0,2,0,0,0,0,0,0,0,0,0,default;ha,,generated-secrets;install-vs-upgrade;extension-slots,existing-secret (chart ships no Secret toggle),-,recipes/bitnami/zookeeper/13.8.7
cloudnative-pg/cloudnative-pg@0.28.2,proof-grade,not-reviewed-for-production,yes,6/6,2,yes,2,1,2,2,1,1,0,1,0,1,0,0,default;no-crds,,crds;webhooks;values-schema;extension-slots;remote-dependencies;dependency-range-frozen,- (no open gap: recommended capabilities built or n/a; quirks modeled - Level 2),existing-secret (buildable - not yet run),recipes/cloudnative-pg/cloudnative-pg/0.28.2
coredns/coredns@1.45.2,proof-grade,not-reviewed-for-production,yes,6/6,1,no,1,0,1,1,1,0,0,0,0,0,0,0,default,,required-values;extension-slots,- (no open gap: recommended capabilities built or n/a; quirks modeled - Level 2),existing-secret (buildable - not yet run),recipes/coredns/coredns/1.45.2
crossplane-stable/crossplane@2.3.1,proof-grade,not-reviewed-for-production,yes,6/6,1,no,1,0,1,1,1,0,0,0,0,0,0,0,default,,extension-slots,- (no open gap: recommended capabilities built or n/a; quirks modeled - Level 2),existing-secret (buildable - not yet run),recipes/crossplane-stable/crossplane/2.3.1
descheduler/descheduler@0.36.0,proof-grade,not-reviewed-for-production,yes,6/6,1,no,1,0,1,1,1,0,0,0,0,1,0,0,default,,required-values;extension-slots,- (no open gap: recommended capabilities built or n/a; quirks modeled - Level 2),-,recipes/descheduler/descheduler/0.36.0
dex/dex@0.24.0,proof-grade,not-reviewed-for-production,yes,6/6,1,no,1,0,1,1,0,0,0,0,0,0,0,0,default,,extension-slots,- (no open gap: recommended capabilities built or n/a; quirks modeled - Level 2),existing-secret (buildable - not yet run),recipes/dex/dex/0.24.0
elastic/eck-operator@3.4.0,proof-grade,not-reviewed-for-production,yes,6/6,3,yes,3,3,3,3,3,3,0,3,0,1,0,0,default;ha;no-crds,,crds;webhooks;required-values;extension-slots;remote-dependencies,- (no open gap: recommended capabilities built or n/a; quirks modeled - Level 2),existing-secret (buildable - not yet run),recipes/elastic/eck-operator/3.4.0
elastic/filebeat@8.5.1,proof-grade,not-reviewed-for-production,yes,6/6,2,yes,2,0,2,1,0,0,0,0,0,0,0,0,default;node-or-cluster-collector,,extension-slots,- (no open gap: recommended capabilities built or n/a; quirks modeled - Level 2),-,recipes/elastic/filebeat/8.5.1
elastic/kibana@8.5.1,proof-grade,not-reviewed-for-production,yes,6/6,1,no,1,0,1,0,0,0,0,0,0,0,0,0,default,,extension-slots,- (no open gap: recommended capabilities built or n/a; quirks modeled - Level 2),-,recipes/elastic/kibana/8.5.1
elastic/logstash@8.5.1,proof-grade,not-reviewed-for-production,yes,6/6,2,yes,2,1,2,2,1,1,0,1,0,1,0,0,default;ha,,extension-slots,- (no open gap: recommended capabilities built or n/a; quirks modeled - Level 2),-,recipes/elastic/logstash/8.5.1
elastic/metricbeat@8.5.1,proof-grade,not-reviewed-for-production,yes,6/6,1,no,1,0,1,0,0,0,0,0,0,0,0,0,default,,extension-slots,- (no open gap: recommended capabilities built or n/a; quirks modeled - Level 2),-,recipes/elastic/metricbeat/8.5.1
external-dns/external-dns@1.21.1,proof-grade,not-reviewed-for-production,yes,6/6,3,yes,3,2,3,3,3,2,0,2,0,1,0,0,default;dry-run-txt-registry;no-crds,,crds;required-values;values-schema;extension-slots,- (no open gap: recommended capabilities built or n/a; quirks modeled - Level 2),existing-secret (buildable - not yet run),recipes/external-dns/external-dns/1.21.1
external-secrets/external-secrets@2.5.0,catalog-supported,production-review-ready,no,5/6,2,yes,2,2,2,2,2,2,0,2,0,2,0,2,default;no-crds,,crds;extension-slots;remote-dependencies,- (no open gap: recommended capabilities built or n/a; quirks modeled - Level 2),existing-secret (buildable - not yet run),recipes/external-secrets/external-secrets/2.5.0
fairwinds-stable/goldilocks@10.3.0,proof-grade,not-reviewed-for-production,yes,6/6,1,no,1,0,1,1,1,0,0,0,0,0,0,0,default,,generated-secrets;crds;webhooks;extension-slots,existing-secret (chart ships no Secret toggle),-,recipes/fairwinds-stable/goldilocks/10.3.0
fairwinds-stable/vpa@4.11.0,proof-grade,not-reviewed-for-production,yes,6/6,2,yes,2,2,2,2,2,2,0,2,0,0,0,2,default;no-crds,,crds;webhooks;extension-slots,- (no open gap: recommended capabilities built or n/a; quirks modeled - Level 2),-,recipes/fairwinds-stable/vpa/4.11.0
falcosecurity/falco@9.0.0,proof-grade,not-reviewed-for-production,yes,6/6,1,no,1,0,1,1,1,0,0,0,0,0,0,0,default,,required-values;extension-slots;remote-dependencies;dependency-range-frozen,- (no open gap: recommended capabilities built or n/a; quirks modeled - Level 2),existing-secret (buildable - not yet run),recipes/falcosecurity/falco/9.0.0
falcosecurity/falcosidekick@0.13.1,proof-grade,not-reviewed-for-production,yes,6/6,1,no,1,0,1,1,1,0,0,0,0,0,0,0,default,,required-values;extension-slots,- (no open gap: recommended capabilities built or n/a; quirks modeled - Level 2),existing-secret (buildable - not yet run),recipes/falcosecurity/falcosidekick/0.13.1
fluent/fluent-bit@0.57.6,proof-grade,not-reviewed-for-production,yes,6/6,1,no,1,1,1,1,1,1,0,1,0,0,0,0,default,observed,hooks;extension-slots,- (no open gap: recommended capabilities built or n/a; quirks modeled - Level 2),-,recipes/fluent/fluent-bit/0.57.6
fluent/fluentd@0.5.3,proof-grade,not-reviewed-for-production,yes,6/6,1,no,1,0,1,1,1,0,0,0,0,0,0,0,default,,extension-slots,- (no open gap: recommended capabilities built or n/a; quirks modeled - Level 2),-,recipes/fluent/fluentd/0.5.3
gatekeeper/gatekeeper@3.22.2,proof-grade,not-reviewed-for-production,yes,6/6,2,yes,2,2,2,2,2,2,0,2,0,1,0,0,default;no-crds,observed,hooks;crds;webhooks;extension-slots,- (no open gap: recommended capabilities built or n/a; quirks modeled - Level 2),existing-secret (buildable - not yet run),recipes/gatekeeper/gatekeeper/3.22.2
gitlab/gitlab-runner@0.89.0,proof-grade,not-reviewed-for-production,yes,6/6,1,no,1,0,1,1,0,0,0,0,0,0,0,0,default,,extension-slots,- (no open gap: recommended capabilities built or n/a; quirks modeled - Level 2),existing-secret (buildable - not yet run),recipes/gitlab/gitlab-runner/0.89.0
grafana/alloy@1.8.2,proof-grade,not-reviewed-for-production,yes,6/6,2,yes,2,1,2,2,2,1,0,1,0,1,0,0,default;no-crds,,crds;required-values;extension-slots;remote-dependencies,- (no open gap: recommended capabilities built or n/a; quirks modeled - Level 2),-,recipes/grafana/alloy/1.8.2
grafana/grafana@10.5.15,catalog-supported,production-review-ready,yes,6/6,2,yes,2,2,2,2,2,2,0,2,0,2,0,0,generated-passwords;existing-secret-ingress,,extension-slots,- (no open gap: recommended capabilities built or n/a; quirks modeled - Level 2),-,recipes/grafana/grafana/10.5.15
grafana/loki@7.0.0,catalog-supported,production-review-ready,yes,6/6,2,yes,2,2,2,2,2,2,0,2,0,2,0,0,single-binary-filesystem;simple-scalable-minio,,generated-secrets;crds;webhooks;required-values;values-schema;extension-slots;remote-dependencies,- (no open gap: recommended capabilities built or n/a; quirks modeled - Level 2),-,recipes/grafana/loki/7.0.0
grafana/promtail@6.17.1,proof-grade,not-reviewed-for-production,yes,6/6,1,no,1,0,1,1,1,0,0,0,0,0,0,0,default,,extension-slots,- (no open gap: recommended capabilities built or n/a; quirks modeled - Level 2),existing-secret (buildable - not yet run),recipes/grafana/promtail/6.17.1
grafana/pyroscope@2.0.2,proof-grade,not-reviewed-for-production,yes,6/6,3,yes,3,0,3,3,2,0,0,0,0,0,0,0,default;ha;no-crds,,generated-secrets;crds;required-values;extension-slots,existing-secret (chart ships no Secret toggle),-,recipes/grafana/pyroscope/2.0.2
grafana/rollout-operator@0.49.0,proof-grade,not-reviewed-for-production,yes,6/6,2,yes,2,0,2,2,1,0,0,0,0,0,0,0,default;no-crds,,crds;extension-slots,- (no open gap: recommended capabilities built or n/a; quirks modeled - Level 2),-,recipes/grafana/rollout-operator/0.49.0
grafana/tempo@1.24.4,catalog-supported,production-review-ready,yes,6/6,2,yes,2,1,2,2,1,1,0,1,0,2,0,0,local-persistent;s3-query-observability,,extension-slots,ha (tempo single-binary chart; HA is the separate tempo-distributed chart),no-crds (buildable - not yet run); ingress-tls (buildable - not yet run),recipes/grafana/tempo/1.24.4
haproxytech/kubernetes-ingress@1.52.0,proof-grade,not-reviewed-for-production,yes,6/6,1,no,1,0,1,1,1,0,0,0,0,0,0,0,default,,extension-slots,- (no open gap: recommended capabilities built or n/a; quirks modeled - Level 2),existing-secret (buildable - not yet run),recipes/haproxytech/kubernetes-ingress/1.52.0
hashicorp/consul@2.0.0,catalog-supported,production-review-ready,yes,6/6,2,yes,2,1,2,2,1,1,1,1,0,2,0,0,default-control-plane;secure-mesh-existing-secrets,,webhooks;required-values;install-vs-upgrade;extension-slots,ha (curated proof lane - bespoke teaching needed),no-crds (buildable - not yet run); ingress-tls (buildable - not yet run),recipes/hashicorp/consul/2.0.0
hashicorp/terraform@1.1.2,proof-grade,not-reviewed-for-production,yes,6/6,2,yes,2,0,2,2,0,0,0,0,0,0,0,0,default;no-crds,,crds;required-values,- (no open gap: recommended capabilities built or n/a; quirks modeled - Level 2),-,recipes/hashicorp/terraform/1.1.2
hashicorp/vault@0.32.0,catalog-supported,production-review-ready,yes,6/6,3,yes,3,2,3,3,2,2,0,2,0,3,0,0,dev-mode;default;ha-raft-ui,,webhooks;required-values;values-schema;extension-slots,- (no open gap: recommended capabilities built or n/a; quirks modeled - Level 2),ingress-tls (buildable - not yet run); tls (buildable - not yet run),recipes/hashicorp/vault/0.32.0
ingress-nginx/ingress-nginx@4.15.1,catalog-supported,production-review-ready,yes,6/6,3,yes,3,3,3,3,3,3,0,3,0,3,0,1,default;admission-disabled;internal-clusterip,,webhooks;required-values,- (no open gap: recommended capabilities built or n/a; quirks modeled - Level 2),-,recipes/ingress-nginx/ingress-nginx/4.15.1
istio/gateway@1.30.0,proof-grade,not-reviewed-for-production,yes,6/6,2,yes,2,0,2,2,0,0,0,0,0,0,0,0,controller-default-reviewed;default,,none-recorded,- (no open gap: recommended capabilities built or n/a; quirks modeled - Level 2),-,recipes/istio/gateway/1.30.0
istio/istiod@1.30.0,proof-grade,not-reviewed-for-production,yes,6/6,1,no,1,0,1,1,0,0,0,0,0,0,0,0,default,,extension-slots,- (no open gap: recommended capabilities built or n/a; quirks modeled - Level 2),existing-secret (buildable - not yet run),recipes/istio/istiod/1.30.0
jaegertracing/jaeger-operator@2.57.0,proof-grade,not-reviewed-for-production,yes,6/6,2,yes,2,0,2,2,0,0,0,0,0,0,0,0,default;no-crds,,crds;webhooks;extension-slots,- (no open gap: recommended capabilities built or n/a; quirks modeled - Level 2),-,recipes/jaegertracing/jaeger-operator/2.57.0
jaegertracing/jaeger@4.8.0,proof-grade,not-reviewed-for-production,yes,6/6,1,no,1,0,1,1,1,0,0,0,0,0,0,0,default,,generated-secrets;install-vs-upgrade;extension-slots;remote-dependencies;dependency-range-frozen,existing-secret (chart ships no Secret toggle),-,recipes/jaegertracing/jaeger/4.8.0
jetstack/cert-manager-csi-driver@v0.14.0,proof-grade,not-reviewed-for-production,yes,6/6,1,no,1,0,1,1,1,0,0,0,0,0,0,0,default,,none-recorded,- (no open gap: recommended capabilities built or n/a; quirks modeled - Level 2),-,recipes/jetstack/cert-manager-csi-driver/v0.14.0
jetstack/cert-manager@v1.20.2,catalog-supported,production-review-ready,no,5/6,2,yes,2,2,2,2,2,2,0,2,0,2,0,2,default;crds-enabled,,extension-slots,- (no open gap: recommended capabilities built or n/a; quirks modeled - Level 2),-,recipes/jetstack/cert-manager/v1.20.2
jetstack/trust-manager@v0.22.1,proof-grade,not-reviewed-for-production,yes,6/6,2,yes,2,0,2,2,0,0,0,0,0,0,0,0,default;no-crds,,crds;extension-slots,- (no open gap: recommended capabilities built or n/a; quirks modeled - Level 2),existing-secret (buildable - not yet run),recipes/jetstack/trust-manager/v0.22.1
kedacore/keda@2.19.0,proof-grade,not-reviewed-for-production,yes,6/6,2,yes,2,2,2,2,2,2,0,2,0,1,0,0,default;no-crds,,crds;webhooks;extension-slots,- (no open gap: recommended capabilities built or n/a; quirks modeled - Level 2),-,recipes/kedacore/keda/2.19.0
kyverno/kyverno-policies@3.8.0,proof-grade,not-reviewed-for-production,yes,6/6,1,no,1,0,1,1,1,0,0,0,0,0,0,0,default,,required-values;extension-slots,- (no open gap: recommended capabilities built or n/a; quirks modeled - Level 2),-,recipes/kyverno/kyverno-policies/3.8.0
kyverno/kyverno@3.8.1,proof-grade,not-reviewed-for-production,yes,6/6,2,yes,2,2,2,2,2,2,0,2,0,0,0,0,default;no-crds,observed,hooks;generated-secrets;crds;required-values;values-schema;install-vs-upgrade;extension-slots;remote-dependencies;dependency-range-frozen,existing-secret (chart ships no Secret toggle),-,recipes/kyverno/kyverno/3.8.1
linkerd/linkerd-crds@1.8.0,proof-grade,not-reviewed-for-production,yes,6/6,1,no,1,0,1,1,1,0,0,0,0,0,0,0,default,,crds,- (no open gap: recommended capabilities built or n/a; quirks modeled - Level 2),existing-secret (buildable - not yet run),recipes/linkerd/linkerd-crds/1.8.0
longhorn/longhorn@1.11.2,catalog-supported,production-review-ready,yes,6/6,2,yes,2,2,2,2,2,2,0,2,0,2,0,0,default;ui-ingress,,required-values,- (no open gap: recommended capabilities built or n/a; quirks modeled - Level 2),no-crds (buildable - not yet run),recipes/longhorn/longhorn/1.11.2
metrics-server/metrics-server@3.13.0,catalog-supported,production-review-ready,yes,6/6,2,yes,2,2,2,2,2,2,0,2,0,2,0,0,default;external-tls-ca,,generated-secrets,existing-secret (chart ships no Secret toggle),-,recipes/metrics-server/metrics-server/3.13.0
minio-operator/operator@7.1.1,proof-grade,not-reviewed-for-production,yes,6/6,1,no,1,0,1,1,1,0,0,0,0,0,0,0,default,,crds,no-crds (template-baked CRDs; no clean chart toggle yet),-,recipes/minio-operator/operator/7.1.1
minio-operator/tenant@7.1.1,proof-grade,not-reviewed-for-production,yes,6/6,1,no,1,0,1,1,1,0,0,0,0,0,0,0,default,,extension-slots,- (no open gap: recommended capabilities built or n/a; quirks modeled - Level 2),existing-secret (buildable - not yet run),recipes/minio-operator/tenant/7.1.1
nats/nack@0.34.0,proof-grade,not-reviewed-for-production,yes,6/6,2,yes,2,0,2,2,2,0,0,0,0,0,0,0,default;no-crds,,crds;extension-slots,- (no open gap: recommended capabilities built or n/a; quirks modeled - Level 2),existing-secret (buildable - not yet run),recipes/nats/nack/0.34.0
nats/nats@2.14.0,proof-grade,not-reviewed-for-production,yes,6/6,2,yes,2,1,2,2,2,1,0,1,0,1,0,0,default;ha,,required-values;extension-slots,- (no open gap: recommended capabilities built or n/a; quirks modeled - Level 2),existing-secret (buildable - not yet run),recipes/nats/nats/2.14.0
nats/surveyor@0.20.9,proof-grade,not-reviewed-for-production,yes,6/6,2,yes,2,0,2,2,0,0,0,0,0,0,0,0,default;default-reviewed,,extension-slots,- (no open gap: recommended capabilities built or n/a; quirks modeled - Level 2),-,recipes/nats/surveyor/0.20.9
nfs-subdir-external-provisioner/nfs-subdir-external-provisioner@4.0.18,proof-grade,not-reviewed-for-production,yes,6/6,1,no,1,0,1,1,0,0,0,0,0,0,0,0,default,,none-recorded,- (no open gap: recommended capabilities built or n/a; quirks modeled - Level 2),-,recipes/nfs-subdir-external-provisioner/nfs-subdir-external-provisioner/4.0.18
open-telemetry/opentelemetry-operator@0.114.0,proof-grade,not-reviewed-for-production,yes,6/6,2,yes,2,0,2,2,0,0,0,0,0,2,0,0,default;no-crds,,crds;extension-slots,- (no open gap: recommended capabilities built or n/a; quirks modeled - Level 2),existing-secret (buildable - not yet run),recipes/open-telemetry/opentelemetry-operator/0.114.0
opencost/opencost@2.5.21,proof-grade,not-reviewed-for-production,yes,6/6,1,no,1,0,1,1,0,0,0,0,0,0,0,0,default,,required-values;extension-slots,- (no open gap: recommended capabilities built or n/a; quirks modeled - Level 2),-,recipes/opencost/opencost/2.5.21
percona/pg-operator@3.0.0,proof-grade,not-reviewed-for-production,yes,6/6,2,yes,2,1,2,2,2,1,0,1,0,1,0,0,default;no-crds,,crds,- (no open gap: recommended capabilities built or n/a; quirks modeled - Level 2),-,recipes/percona/pg-operator/3.0.0
percona/psmdb-operator@1.22.0,proof-grade,not-reviewed-for-production,yes,6/6,2,yes,2,0,2,2,2,0,0,0,0,1,0,0,default;no-crds,,crds,- (no open gap: recommended capabilities built or n/a; quirks modeled - Level 2),-,recipes/percona/psmdb-operator/1.22.0
percona/pxc-operator@1.19.1,proof-grade,not-reviewed-for-production,yes,6/6,2,yes,2,1,2,2,1,1,0,1,0,1,0,0,default;no-crds,,crds;install-vs-upgrade;extension-slots,- (no open gap: recommended capabilities built or n/a; quirks modeled - Level 2),-,recipes/percona/pxc-operator/1.19.1
projectcalico/tigera-operator@v3.32.0,proof-grade,not-reviewed-for-production,yes,6/6,1,no,1,0,1,1,0,0,0,0,0,0,0,0,default,observed,hooks;required-values,- (no open gap: recommended capabilities built or n/a; quirks modeled - Level 2),-,recipes/projectcalico/tigera-operator/v3.32.0
prometheus-community/alertmanager@1.37.0,proof-grade,not-reviewed-for-production,yes,6/6,2,yes,2,2,2,2,2,2,0,2,0,1,0,0,default;ha,,values-schema;extension-slots,- (no open gap: recommended capabilities built or n/a; quirks modeled - Level 2),-,recipes/prometheus-community/alertmanager/1.37.0
prometheus-community/kube-prometheus-stack@85.3.3,catalog-supported,production-review-ready,yes,6/6,2,yes,2,2,2,2,2,2,0,2,0,2,0,1,default;no-crds,observed,hooks;generated-secrets;crds;webhooks;required-values;install-vs-upgrade;extension-slots;remote-dependencies;dependency-range-frozen,existing-secret (chart ships no Secret toggle),-,recipes/prometheus-community/kube-prometheus-stack/85.3.3
prometheus-community/kube-prometheus-stack@86.1.0,catalog-candidate,not-reviewed-for-production,yes,6/6,2,yes,2,0,2,0,2,0,0,0,0,0,0,2,default;no-crds,,none-recorded,,,recipes/prometheus-community/kube-prometheus-stack/86.1.0
prometheus-community/kube-state-metrics@7.4.0,proof-grade,not-reviewed-for-production,yes,6/6,2,yes,2,1,2,2,2,1,0,1,0,1,0,0,cluster-metrics-readonly;default,,extension-slots,- (no open gap: recommended capabilities built or n/a; quirks modeled - Level 2),existing-secret (buildable - not yet run),recipes/prometheus-community/kube-state-metrics/7.4.0
prometheus-community/prometheus-adapter@5.3.0,proof-grade,not-reviewed-for-production,yes,6/6,2,yes,2,0,2,1,0,0,0,0,0,0,0,0,cluster-metrics-readonly;default,,extension-slots,- (no open gap: recommended capabilities built or n/a; quirks modeled - Level 2),-,recipes/prometheus-community/prometheus-adapter/5.3.0
prometheus-community/prometheus-blackbox-exporter@11.10.0,proof-grade,not-reviewed-for-production,yes,6/6,2,yes,2,1,2,2,2,1,0,1,0,1,0,0,cluster-metrics-readonly;default,,extension-slots,- (no open gap: recommended capabilities built or n/a; quirks modeled - Level 2),-,recipes/prometheus-community/prometheus-blackbox-exporter/11.10.0
prometheus-community/prometheus-node-exporter@4.55.0,proof-grade,not-reviewed-for-production,yes,6/6,1,no,2,1,2,2,2,1,0,1,0,1,0,0,cluster-metrics-readonly;default,,required-values;extension-slots,- (no open gap: recommended capabilities built or n/a; quirks modeled - Level 2),existing-secret (buildable - not yet run),recipes/prometheus-community/prometheus-node-exporter/4.55.0
prometheus-community/prometheus-operator-crds@29.0.0,proof-grade,not-reviewed-for-production,yes,6/6,1,no,1,0,1,0,1,0,0,0,0,0,0,0,default,,crds,- (no open gap: recommended capabilities built or n/a; quirks modeled - Level 2),existing-secret (buildable - not yet run),recipes/prometheus-community/prometheus-operator-crds/29.0.0
prometheus-community/prometheus-pushgateway@3.6.0,proof-grade,not-reviewed-for-production,yes,6/6,1,no,1,0,1,0,1,0,0,0,0,0,0,0,default,,generated-secrets;required-values;extension-slots,- (no open gap: recommended capabilities built or n/a; quirks modeled - Level 2),-,recipes/prometheus-community/prometheus-pushgateway/3.6.0
prometheus-community/prometheus@29.8.0,catalog-supported,production-review-ready,yes,6/6,2,yes,2,2,2,2,2,2,0,2,0,2,0,0,default;server-only-ephemeral,,generated-secrets;required-values;values-schema;extension-slots;remote-dependencies;dependency-range-frozen,ha (curated proof lane - bespoke teaching needed),-,recipes/prometheus-community/prometheus/29.8.0
prometheus-community/prometheus@29.9.0,catalog-candidate,not-reviewed-for-production,yes,6/6,2,yes,2,0,2,0,2,0,0,0,0,0,0,0,default;server-only-ephemeral,,none-recorded,,,recipes/prometheus-community/prometheus/29.9.0
rook-release/rook-ceph-cluster@v1.19.5,proof-grade,not-reviewed-for-production,yes,6/6,1,no,1,0,1,1,1,0,0,0,0,0,0,0,default,,extension-slots,- (no open gap: recommended capabilities built or n/a; quirks modeled - Level 2),existing-secret (buildable - not yet run),recipes/rook-release/rook-ceph-cluster/v1.19.5
rook-release/rook-ceph@v1.19.5,proof-grade,not-reviewed-for-production,yes,6/6,1,no,1,0,1,1,1,0,0,0,0,0,0,0,default,,crds,no-crds (template-baked CRDs; no clean chart toggle yet),-,recipes/rook-release/rook-ceph/v1.19.5
runix/pgadmin4@1.62.0,proof-grade,not-reviewed-for-production,yes,6/6,1,no,1,0,1,1,1,0,0,0,0,0,0,0,default,,required-values;extension-slots,- (no open gap: recommended capabilities built or n/a; quirks modeled - Level 2),existing-secret (buildable - not yet run),recipes/runix/pgadmin4/1.62.0
sealed-secrets/sealed-secrets@2.18.6,proof-grade,not-reviewed-for-production,yes,6/6,2,yes,2,1,2,2,2,1,0,1,0,1,0,0,default;no-crds,,crds;extension-slots,- (no open gap: recommended capabilities built or n/a; quirks modeled - Level 2),existing-secret (buildable - not yet run),recipes/sealed-secrets/sealed-secrets/2.18.6
secrets-store-csi-driver/secrets-store-csi-driver@1.6.0,catalog-supported,production-review-ready,yes,6/6,2,yes,2,2,2,2,2,2,0,2,0,2,0,0,default;sync-secret-rotation,,extension-slots,- (no open gap: recommended capabilities built or n/a; quirks modeled - Level 2),no-crds (buildable - not yet run),recipes/secrets-store-csi-driver/secrets-store-csi-driver/1.6.0
stakater/reloader@2.2.12,proof-grade,not-reviewed-for-production,yes,6/6,2,yes,2,0,2,2,2,0,0,0,0,0,0,0,controller-default-reviewed;default,,values-schema;extension-slots,- (no open gap: recommended capabilities built or n/a; quirks modeled - Level 2),-,recipes/stakater/reloader/2.2.12
strimzi/strimzi-kafka-operator@1.0.0,proof-grade,not-reviewed-for-production,yes,6/6,2,yes,2,1,2,2,1,1,0,1,0,1,0,0,default;no-crds,,crds;extension-slots,- (no open gap: recommended capabilities built or n/a; quirks modeled - Level 2),-,recipes/strimzi/strimzi-kafka-operator/1.0.0
traefik/traefik@40.2.0,proof-grade,not-reviewed-for-production,yes,6/6,2,yes,2,1,2,2,2,1,0,1,0,0,0,0,default;no-crds,,generated-secrets;crds;webhooks;required-values;values-schema;extension-slots,existing-secret (chart ships no Secret toggle),-,recipes/traefik/traefik/40.2.0
velero/velero@12.0.1,proof-grade,not-reviewed-for-production,yes,6/6,2,yes,2,0,2,2,0,0,0,0,0,0,0,0,default;no-crds,,crds;extension-slots,- (no open gap: recommended capabilities built or n/a; quirks modeled - Level 2),existing-secret (buildable - not yet run),recipes/velero/velero/12.0.1
vm/victoria-logs-single@0.12.5,proof-grade,not-reviewed-for-production,yes,6/6,1,no,1,0,1,1,1,0,0,0,0,0,0,0,default,,extension-slots,- (no open gap: recommended capabilities built or n/a; quirks modeled - Level 2),existing-secret (buildable - not yet run),recipes/vm/victoria-logs-single/0.12.5
vm/victoria-metrics-single@0.39.0,proof-grade,not-reviewed-for-production,yes,6/6,2,yes,2,0,2,2,2,0,0,0,0,0,0,0,default;default-reviewed,,extension-slots,- (no open gap: recommended capabilities built or n/a; quirks modeled - Level 2),-,recipes/vm/victoria-metrics-single/0.39.0
