queue,priority,chart,version,chart_ref,bucket,coverage_percent,strongest_evidence,variants,hard_gap,source_features,missing_items,missing_requirements,first_step,done_when,evidence,next_action,owner
limitation-decision,1,bitnami/contour,21.1.4,bitnami/contour@21.1.4,limitation-decision-first,88,render-parity,default;no-crds,existing-secret (chart ships no Secret toggle),lookup;generated-facts;tpl;capabilities;crds;cluster-rbac,f,scan and production disposition,"decide whether to support, disclose, defer, or block: existing-secret (chart ships no Secret toggle)","the limitation has a recorded support, disclosure, deferral, or blocker decision",recipes/bitnami/contour/21.1.4/revisions/default/r001/variant-revision.yaml;recipes/bitnami/contour/21.1.4/helm-pain-report.yaml;recipes/bitnami/contour/21.1.4/control-points.yaml;data/outcome-coverage/feature-outcomes.csv;recipes/bitnami/contour/21.1.4/control-points.yaml;recipes/bitnami/contour/21.1.4/value-model.yaml;recipes/bitnami/contour/21.1.4/helm-plan.yaml;recipes/bitnami/contour/21.1.4/CATALOG.md;recipes/bitnami/contour/21.1.4/helm-pain-report.yaml,review limitation before promotion: existing-secret (chart ships no Secret toggle),
limitation-decision,1,bitnami/elasticsearch,22.1.6,bitnami/elasticsearch@22.1.6,limitation-decision-first,88,render-parity,default;ha,existing-secret (chart ships no Secret toggle),lookup;generated-facts;tpl;capabilities;stateful-storage,f,scan and production disposition,"decide whether to support, disclose, defer, or block: existing-secret (chart ships no Secret toggle)","the limitation has a recorded support, disclosure, deferral, or blocker decision",recipes/bitnami/elasticsearch/22.1.6/revisions/default/r001/variant-revision.yaml;recipes/bitnami/elasticsearch/22.1.6/helm-pain-report.yaml;recipes/bitnami/elasticsearch/22.1.6/control-points.yaml;data/outcome-coverage/feature-outcomes.csv;recipes/bitnami/elasticsearch/22.1.6/control-points.yaml;recipes/bitnami/elasticsearch/22.1.6/value-model.yaml;recipes/bitnami/elasticsearch/22.1.6/helm-plan.yaml;recipes/bitnami/elasticsearch/22.1.6/CATALOG.md;recipes/bitnami/elasticsearch/22.1.6/helm-pain-report.yaml,review limitation before promotion: existing-secret (chart ships no Secret toggle),
limitation-decision,1,bitnami/spark,10.0.3,bitnami/spark@10.0.3,limitation-decision-first,88,render-parity,default;ha,existing-secret (chart ships no Secret toggle),lookup;generated-facts;tpl;capabilities;stateful-storage,f,scan and production disposition,"decide whether to support, disclose, defer, or block: existing-secret (chart ships no Secret toggle)","the limitation has a recorded support, disclosure, deferral, or blocker decision",recipes/bitnami/spark/10.0.3/revisions/default/r001/variant-revision.yaml;recipes/bitnami/spark/10.0.3/helm-pain-report.yaml;recipes/bitnami/spark/10.0.3/control-points.yaml;data/outcome-coverage/feature-outcomes.csv;recipes/bitnami/spark/10.0.3/control-points.yaml;recipes/bitnami/spark/10.0.3/value-model.yaml;recipes/bitnami/spark/10.0.3/helm-plan.yaml;recipes/bitnami/spark/10.0.3/CATALOG.md;recipes/bitnami/spark/10.0.3/helm-pain-report.yaml,review limitation before promotion: existing-secret (chart ships no Secret toggle),
limitation-decision,1,bitnami/zookeeper,13.8.7,bitnami/zookeeper@13.8.7,limitation-decision-first,88,render-parity,default;ha,existing-secret (chart ships no Secret toggle),lookup;generated-facts;tpl;capabilities;stateful-storage,f,scan and production disposition,"decide whether to support, disclose, defer, or block: existing-secret (chart ships no Secret toggle)","the limitation has a recorded support, disclosure, deferral, or blocker decision",recipes/bitnami/zookeeper/13.8.7/revisions/default/r001/variant-revision.yaml;recipes/bitnami/zookeeper/13.8.7/helm-pain-report.yaml;recipes/bitnami/zookeeper/13.8.7/control-points.yaml;data/outcome-coverage/feature-outcomes.csv;recipes/bitnami/zookeeper/13.8.7/control-points.yaml;recipes/bitnami/zookeeper/13.8.7/value-model.yaml;recipes/bitnami/zookeeper/13.8.7/helm-plan.yaml;recipes/bitnami/zookeeper/13.8.7/CATALOG.md;recipes/bitnami/zookeeper/13.8.7/helm-pain-report.yaml,review limitation before promotion: existing-secret (chart ships no Secret toggle),
limitation-decision,1,grafana/pyroscope,2.0.2,grafana/pyroscope@2.0.2,limitation-decision-first,88,local-kubernetes-live,default;ha;no-crds,existing-secret (chart ships no Secret toggle),lookup;generated-facts;tpl;capabilities;crds;cluster-rbac;stateful-storage,f,scan and production disposition,"decide whether to support, disclose, defer, or block: existing-secret (chart ships no Secret toggle)","the limitation has a recorded support, disclosure, deferral, or blocker decision",recipes/grafana/pyroscope/2.0.2/revisions/default/r001/variant-revision.yaml;recipes/grafana/pyroscope/2.0.2/helm-pain-report.yaml;recipes/grafana/pyroscope/2.0.2/control-points.yaml;data/outcome-coverage/feature-outcomes.csv;recipes/grafana/pyroscope/2.0.2/control-points.yaml;recipes/grafana/pyroscope/2.0.2/value-model.yaml;recipes/grafana/pyroscope/2.0.2/helm-plan.yaml;recipes/grafana/pyroscope/2.0.2/CATALOG.md;recipes/grafana/pyroscope/2.0.2/helm-pain-report.yaml,review limitation before promotion: existing-secret (chart ships no Secret toggle),
limitation-decision,1,kyverno/kyverno,3.8.1,kyverno/kyverno@3.8.1,limitation-decision-first,88,live-helm-vs-confighub-parity,default;no-crds,existing-secret (chart ships no Secret toggle),lookup;generated-facts;tpl;capabilities;hooks;crds;cluster-rbac;stateful-storage,f,scan and production disposition,"decide whether to support, disclose, defer, or block: existing-secret (chart ships no Secret toggle)","the limitation has a recorded support, disclosure, deferral, or blocker decision",recipes/kyverno/kyverno/3.8.1/revisions/default/r001/variant-revision.yaml;recipes/kyverno/kyverno/3.8.1/helm-pain-report.yaml;recipes/kyverno/kyverno/3.8.1/control-points.yaml;data/outcome-coverage/feature-outcomes.csv;recipes/kyverno/kyverno/3.8.1/control-points.yaml;recipes/kyverno/kyverno/3.8.1/value-model.yaml;recipes/kyverno/kyverno/3.8.1/helm-plan.yaml;recipes/kyverno/kyverno/3.8.1/CATALOG.md;recipes/kyverno/kyverno/3.8.1/helm-pain-report.yaml,review limitation before promotion: existing-secret (chart ships no Secret toggle),
limitation-decision,1,traefik/traefik,40.2.0,traefik/traefik@40.2.0,limitation-decision-first,88,live-helm-vs-confighub-parity,default;no-crds,existing-secret (chart ships no Secret toggle),lookup;generated-facts;tpl;capabilities;crds;cluster-rbac;webhooks;stateful-storage,f,scan and production disposition,"decide whether to support, disclose, defer, or block: existing-secret (chart ships no Secret toggle)","the limitation has a recorded support, disclosure, deferral, or blocker decision",recipes/traefik/traefik/40.2.0/revisions/default/r001/variant-revision.yaml;recipes/traefik/traefik/40.2.0/helm-pain-report.yaml;recipes/traefik/traefik/40.2.0/control-points.yaml;data/outcome-coverage/feature-outcomes.csv;recipes/traefik/traefik/40.2.0/control-points.yaml;recipes/traefik/traefik/40.2.0/value-model.yaml;recipes/traefik/traefik/40.2.0/helm-plan.yaml;recipes/traefik/traefik/40.2.0/CATALOG.md;recipes/traefik/traefik/40.2.0/helm-pain-report.yaml,review limitation before promotion: existing-secret (chart ships no Secret toggle),
promotion-review,2,aqua/trivy-operator,0.32.1,aqua/trivy-operator@0.32.1,promote-after-review,88,live-helm-vs-confighub-parity,default;no-crds,-,,f,scan and production disposition,"run catalog promotion review, choose one supported base, then add selected live evidence",scan/disposition evidence exists and at least one selected base has live witness or routed deferral,recipes/aqua/trivy-operator/0.32.1/revisions/default/r001/variant-revision.yaml;recipes/aqua/trivy-operator/0.32.1/helm-pain-report.yaml;recipes/aqua/trivy-operator/0.32.1/control-points.yaml;data/outcome-coverage/feature-outcomes.csv;recipes/aqua/trivy-operator/0.32.1/control-points.yaml;recipes/aqua/trivy-operator/0.32.1/value-model.yaml;recipes/aqua/trivy-operator/0.32.1/helm-plan.yaml;recipes/aqua/trivy-operator/0.32.1/CATALOG.md;recipes/aqua/trivy-operator/0.32.1/helm-pain-report.yaml,run catalog promotion review,
promotion-review,2,argo-cd/argo-events,2.4.21,argo-cd/argo-events@2.4.21,promote-after-review,88,live-helm-vs-confighub-parity,default;no-crds,-,,f,scan and production disposition,"run catalog promotion review, choose one supported base, then add selected live evidence",scan/disposition evidence exists and at least one selected base has live witness or routed deferral,recipes/argo-cd/argo-events/2.4.21/revisions/default/r001/variant-revision.yaml;recipes/argo-cd/argo-events/2.4.21/helm-pain-report.yaml;recipes/argo-cd/argo-events/2.4.21/control-points.yaml;data/outcome-coverage/feature-outcomes.csv;recipes/argo-cd/argo-events/2.4.21/control-points.yaml;recipes/argo-cd/argo-events/2.4.21/value-model.yaml;recipes/argo-cd/argo-events/2.4.21/helm-plan.yaml;recipes/argo-cd/argo-events/2.4.21/CATALOG.md;recipes/argo-cd/argo-events/2.4.21/helm-pain-report.yaml,run catalog promotion review,
promotion-review,2,argo-cd/argo-rollouts,2.40.9,argo-cd/argo-rollouts@2.40.9,promote-after-review,88,live-helm-vs-confighub-parity,default;no-crds,-,,f,scan and production disposition,"run catalog promotion review, choose one supported base, then add selected live evidence",scan/disposition evidence exists and at least one selected base has live witness or routed deferral,recipes/argo-cd/argo-rollouts/2.40.9/revisions/default/r001/variant-revision.yaml;recipes/argo-cd/argo-rollouts/2.40.9/helm-pain-report.yaml;recipes/argo-cd/argo-rollouts/2.40.9/control-points.yaml;data/outcome-coverage/feature-outcomes.csv;recipes/argo-cd/argo-rollouts/2.40.9/control-points.yaml;recipes/argo-cd/argo-rollouts/2.40.9/value-model.yaml;recipes/argo-cd/argo-rollouts/2.40.9/helm-plan.yaml;recipes/argo-cd/argo-rollouts/2.40.9/CATALOG.md;recipes/argo-cd/argo-rollouts/2.40.9/helm-pain-report.yaml,run catalog promotion review,
promotion-review,2,argo-cd/argo-workflows,1.0.14,argo-cd/argo-workflows@1.0.14,promote-after-review,88,live-helm-vs-confighub-parity,default;controller-default-reviewed;minimal-crds,-,,f,scan and production disposition,"run catalog promotion review, choose one supported base, then add selected live evidence",scan/disposition evidence exists and at least one selected base has live witness or routed deferral,recipes/argo-cd/argo-workflows/1.0.14/revisions/controller-default-reviewed/r001/variant-revision.yaml;recipes/argo-cd/argo-workflows/1.0.14/helm-pain-report.yaml;recipes/argo-cd/argo-workflows/1.0.14/control-points.yaml;data/outcome-coverage/feature-outcomes.csv;recipes/argo-cd/argo-workflows/1.0.14/control-points.yaml;recipes/argo-cd/argo-workflows/1.0.14/value-model.yaml;recipes/argo-cd/argo-workflows/1.0.14/helm-plan.yaml;recipes/argo-cd/argo-workflows/1.0.14/CATALOG.md;recipes/argo-cd/argo-workflows/1.0.14/helm-pain-report.yaml,run catalog promotion review,
promotion-review,2,autoscaler/cluster-autoscaler,9.57.0,autoscaler/cluster-autoscaler@9.57.0,promote-after-review,88,live-helm-vs-confighub-parity,default;controller-default-reviewed,-,,f,scan and production disposition,"run catalog promotion review, choose one supported base, then add selected live evidence",scan/disposition evidence exists and at least one selected base has live witness or routed deferral,recipes/autoscaler/cluster-autoscaler/9.57.0/revisions/controller-default-reviewed/r001/variant-revision.yaml;recipes/autoscaler/cluster-autoscaler/9.57.0/helm-pain-report.yaml;recipes/autoscaler/cluster-autoscaler/9.57.0/control-points.yaml;data/outcome-coverage/feature-outcomes.csv;recipes/autoscaler/cluster-autoscaler/9.57.0/control-points.yaml;recipes/autoscaler/cluster-autoscaler/9.57.0/value-model.yaml;recipes/autoscaler/cluster-autoscaler/9.57.0/helm-plan.yaml;recipes/autoscaler/cluster-autoscaler/9.57.0/CATALOG.md;recipes/autoscaler/cluster-autoscaler/9.57.0/helm-pain-report.yaml,run catalog promotion review,
promotion-review,2,autoscaler/vertical-pod-autoscaler,0.9.0,autoscaler/vertical-pod-autoscaler@0.9.0,promote-after-review,88,two-cluster-kind-parity,default;no-crds,-,,f,scan and production disposition,"run catalog promotion review, choose one supported base, then add selected live evidence",scan/disposition evidence exists and at least one selected base has live witness or routed deferral,recipes/autoscaler/vertical-pod-autoscaler/0.9.0/revisions/default/r001/variant-revision.yaml;recipes/autoscaler/vertical-pod-autoscaler/0.9.0/helm-pain-report.yaml;recipes/autoscaler/vertical-pod-autoscaler/0.9.0/control-points.yaml;data/outcome-coverage/feature-outcomes.csv;recipes/autoscaler/vertical-pod-autoscaler/0.9.0/control-points.yaml;recipes/autoscaler/vertical-pod-autoscaler/0.9.0/value-model.yaml;recipes/autoscaler/vertical-pod-autoscaler/0.9.0/helm-plan.yaml;recipes/autoscaler/vertical-pod-autoscaler/0.9.0/CATALOG.md;recipes/autoscaler/vertical-pod-autoscaler/0.9.0/helm-pain-report.yaml,run catalog promotion review,
promotion-review,2,cloudnative-pg/cloudnative-pg,0.28.2,cloudnative-pg/cloudnative-pg@0.28.2,promote-after-review,88,live-helm-vs-confighub-parity,default;no-crds,-,generated-facts;tpl;crds;cluster-rbac;webhooks,f,scan and production disposition,"run catalog promotion review, choose one supported base, then add selected live evidence",scan/disposition evidence exists and at least one selected base has live witness or routed deferral,recipes/cloudnative-pg/cloudnative-pg/0.28.2/revisions/default/r001/variant-revision.yaml;recipes/cloudnative-pg/cloudnative-pg/0.28.2/helm-pain-report.yaml;recipes/cloudnative-pg/cloudnative-pg/0.28.2/control-points.yaml;data/outcome-coverage/feature-outcomes.csv;recipes/cloudnative-pg/cloudnative-pg/0.28.2/control-points.yaml;recipes/cloudnative-pg/cloudnative-pg/0.28.2/value-model.yaml;recipes/cloudnative-pg/cloudnative-pg/0.28.2/helm-plan.yaml;recipes/cloudnative-pg/cloudnative-pg/0.28.2/CATALOG.md;recipes/cloudnative-pg/cloudnative-pg/0.28.2/helm-pain-report.yaml,run catalog promotion review,
promotion-review,2,elastic/eck-operator,3.4.0,elastic/eck-operator@3.4.0,promote-after-review,88,live-helm-vs-confighub-parity,default;ha;no-crds,-,tpl;capabilities;cluster-rbac;webhooks;stateful-storage,f,scan and production disposition,"run catalog promotion review, choose one supported base, then add selected live evidence",scan/disposition evidence exists and at least one selected base has live witness or routed deferral,recipes/elastic/eck-operator/3.4.0/revisions/default/r001/variant-revision.yaml;recipes/elastic/eck-operator/3.4.0/helm-pain-report.yaml;recipes/elastic/eck-operator/3.4.0/control-points.yaml;data/outcome-coverage/feature-outcomes.csv;recipes/elastic/eck-operator/3.4.0/control-points.yaml;recipes/elastic/eck-operator/3.4.0/value-model.yaml;recipes/elastic/eck-operator/3.4.0/helm-plan.yaml;recipes/elastic/eck-operator/3.4.0/CATALOG.md;recipes/elastic/eck-operator/3.4.0/helm-pain-report.yaml,run catalog promotion review,
promotion-review,2,elastic/logstash,8.5.1,elastic/logstash@8.5.1,promote-after-review,88,live-helm-vs-confighub-parity,default;ha,-,tpl;capabilities;stateful-storage,f,scan and production disposition,"run catalog promotion review, choose one supported base, then add selected live evidence",scan/disposition evidence exists and at least one selected base has live witness or routed deferral,recipes/elastic/logstash/8.5.1/revisions/default/r001/variant-revision.yaml;recipes/elastic/logstash/8.5.1/helm-pain-report.yaml;recipes/elastic/logstash/8.5.1/control-points.yaml;data/outcome-coverage/feature-outcomes.csv;recipes/elastic/logstash/8.5.1/control-points.yaml;recipes/elastic/logstash/8.5.1/value-model.yaml;recipes/elastic/logstash/8.5.1/helm-plan.yaml;recipes/elastic/logstash/8.5.1/CATALOG.md;recipes/elastic/logstash/8.5.1/helm-pain-report.yaml,run catalog promotion review,
promotion-review,2,external-dns/external-dns,1.21.1,external-dns/external-dns@1.21.1,promote-after-review,88,live-helm-vs-confighub-parity,default;no-crds;dry-run-txt-registry,-,tpl;crds;cluster-rbac,f,scan and production disposition,"run catalog promotion review, choose one supported base, then add selected live evidence",scan/disposition evidence exists and at least one selected base has live witness or routed deferral,recipes/external-dns/external-dns/1.21.1/revisions/default/r001/variant-revision.yaml;recipes/external-dns/external-dns/1.21.1/helm-pain-report.yaml;recipes/external-dns/external-dns/1.21.1/control-points.yaml;data/outcome-coverage/feature-outcomes.csv;recipes/external-dns/external-dns/1.21.1/control-points.yaml;recipes/external-dns/external-dns/1.21.1/value-model.yaml;recipes/external-dns/external-dns/1.21.1/helm-plan.yaml;recipes/external-dns/external-dns/1.21.1/CATALOG.md;recipes/external-dns/external-dns/1.21.1/helm-pain-report.yaml,run catalog promotion review,
promotion-review,2,fairwinds-stable/vpa,4.11.0,fairwinds-stable/vpa@4.11.0,promote-after-review,88,live-helm-vs-confighub-parity,default;no-crds,-,lookup;tpl;capabilities;crds;cluster-rbac;webhooks,f,scan and production disposition,"run catalog promotion review, choose one supported base, then add selected live evidence",scan/disposition evidence exists and at least one selected base has live witness or routed deferral,recipes/fairwinds-stable/vpa/4.11.0/revisions/default/r001/variant-revision.yaml;recipes/fairwinds-stable/vpa/4.11.0/helm-pain-report.yaml;recipes/fairwinds-stable/vpa/4.11.0/control-points.yaml;data/outcome-coverage/feature-outcomes.csv;recipes/fairwinds-stable/vpa/4.11.0/control-points.yaml;recipes/fairwinds-stable/vpa/4.11.0/value-model.yaml;recipes/fairwinds-stable/vpa/4.11.0/helm-plan.yaml;recipes/fairwinds-stable/vpa/4.11.0/CATALOG.md;recipes/fairwinds-stable/vpa/4.11.0/helm-pain-report.yaml,review APIService render-path notes: current maintained bases do not render APIService objects; create a separate APIService-enabled base only if product chooses that path,
promotion-review,2,gatekeeper/gatekeeper,3.22.2,gatekeeper/gatekeeper@3.22.2,promote-after-review,88,live-helm-vs-confighub-parity,default;no-crds,-,capabilities;hooks;crds;cluster-rbac;webhooks,f,scan and production disposition,"run catalog promotion review, choose one supported base, then add selected live evidence",scan/disposition evidence exists and at least one selected base has live witness or routed deferral,recipes/gatekeeper/gatekeeper/3.22.2/revisions/default/r001/variant-revision.yaml;recipes/gatekeeper/gatekeeper/3.22.2/helm-pain-report.yaml;recipes/gatekeeper/gatekeeper/3.22.2/control-points.yaml;data/outcome-coverage/feature-outcomes.csv;recipes/gatekeeper/gatekeeper/3.22.2/control-points.yaml;recipes/gatekeeper/gatekeeper/3.22.2/value-model.yaml;recipes/gatekeeper/gatekeeper/3.22.2/helm-plan.yaml;recipes/gatekeeper/gatekeeper/3.22.2/CATALOG.md;recipes/gatekeeper/gatekeeper/3.22.2/helm-pain-report.yaml,run catalog promotion review,
promotion-review,2,grafana/alloy,1.8.2,grafana/alloy@1.8.2,promote-after-review,88,live-helm-vs-confighub-parity,default;no-crds,-,tpl;capabilities;crds;cluster-rbac;stateful-storage,f,scan and production disposition,"run catalog promotion review, choose one supported base, then add selected live evidence",scan/disposition evidence exists and at least one selected base has live witness or routed deferral,recipes/grafana/alloy/1.8.2/revisions/default/r001/variant-revision.yaml;recipes/grafana/alloy/1.8.2/helm-pain-report.yaml;recipes/grafana/alloy/1.8.2/control-points.yaml;data/outcome-coverage/feature-outcomes.csv;recipes/grafana/alloy/1.8.2/control-points.yaml;recipes/grafana/alloy/1.8.2/value-model.yaml;recipes/grafana/alloy/1.8.2/helm-plan.yaml;recipes/grafana/alloy/1.8.2/CATALOG.md;recipes/grafana/alloy/1.8.2/helm-pain-report.yaml,run catalog promotion review,
promotion-review,2,kedacore/keda,2.19.0,kedacore/keda@2.19.0,promote-after-review,88,live-helm-vs-confighub-parity,default;no-crds,-,tpl;capabilities;crds;cluster-rbac;webhooks,f,scan and production disposition,"run catalog promotion review, choose one supported base, then add selected live evidence",scan/disposition evidence exists and at least one selected base has live witness or routed deferral,recipes/kedacore/keda/2.19.0/revisions/default/r001/variant-revision.yaml;recipes/kedacore/keda/2.19.0/helm-pain-report.yaml;recipes/kedacore/keda/2.19.0/control-points.yaml;data/outcome-coverage/feature-outcomes.csv;recipes/kedacore/keda/2.19.0/control-points.yaml;recipes/kedacore/keda/2.19.0/value-model.yaml;recipes/kedacore/keda/2.19.0/helm-plan.yaml;recipes/kedacore/keda/2.19.0/CATALOG.md;recipes/kedacore/keda/2.19.0/helm-pain-report.yaml,"run APIService promotion review: choose supported base, target scope, CRD ownership path, and evidence refresh rule using the committed aggregation receipt",
promotion-review,2,nats/nats,2.14.0,nats/nats@2.14.0,promote-after-review,88,live-helm-vs-confighub-parity,default;ha,-,tpl,f,scan and production disposition,"run catalog promotion review, choose one supported base, then add selected live evidence",scan/disposition evidence exists and at least one selected base has live witness or routed deferral,recipes/nats/nats/2.14.0/revisions/default/r001/variant-revision.yaml;recipes/nats/nats/2.14.0/helm-pain-report.yaml;recipes/nats/nats/2.14.0/control-points.yaml;data/outcome-coverage/feature-outcomes.csv;recipes/nats/nats/2.14.0/control-points.yaml;recipes/nats/nats/2.14.0/value-model.yaml;recipes/nats/nats/2.14.0/helm-plan.yaml;recipes/nats/nats/2.14.0/CATALOG.md;recipes/nats/nats/2.14.0/helm-pain-report.yaml,run catalog promotion review,
promotion-review,2,open-telemetry/opentelemetry-operator,0.114.0,open-telemetry/opentelemetry-operator@0.114.0,promote-after-review,88,two-cluster-kind-parity,default;no-crds,-,,f,scan and production disposition,"run catalog promotion review, choose one supported base, then add selected live evidence",scan/disposition evidence exists and at least one selected base has live witness or routed deferral,recipes/open-telemetry/opentelemetry-operator/0.114.0/revisions/default/r001/variant-revision.yaml;recipes/open-telemetry/opentelemetry-operator/0.114.0/helm-pain-report.yaml;recipes/open-telemetry/opentelemetry-operator/0.114.0/control-points.yaml;data/outcome-coverage/feature-outcomes.csv;recipes/open-telemetry/opentelemetry-operator/0.114.0/control-points.yaml;recipes/open-telemetry/opentelemetry-operator/0.114.0/value-model.yaml;recipes/open-telemetry/opentelemetry-operator/0.114.0/helm-plan.yaml;recipes/open-telemetry/opentelemetry-operator/0.114.0/CATALOG.md;recipes/open-telemetry/opentelemetry-operator/0.114.0/helm-pain-report.yaml,run catalog promotion review,
promotion-review,2,percona/pg-operator,3.0.0,percona/pg-operator@3.0.0,promote-after-review,88,live-helm-vs-confighub-parity,default;no-crds,-,,f,scan and production disposition,"run catalog promotion review, choose one supported base, then add selected live evidence",scan/disposition evidence exists and at least one selected base has live witness or routed deferral,recipes/percona/pg-operator/3.0.0/revisions/default/r001/variant-revision.yaml;recipes/percona/pg-operator/3.0.0/helm-pain-report.yaml;recipes/percona/pg-operator/3.0.0/control-points.yaml;data/outcome-coverage/feature-outcomes.csv;recipes/percona/pg-operator/3.0.0/control-points.yaml;recipes/percona/pg-operator/3.0.0/value-model.yaml;recipes/percona/pg-operator/3.0.0/helm-plan.yaml;recipes/percona/pg-operator/3.0.0/CATALOG.md;recipes/percona/pg-operator/3.0.0/helm-pain-report.yaml,run catalog promotion review,
promotion-review,2,percona/psmdb-operator,1.22.0,percona/psmdb-operator@1.22.0,promote-after-review,88,live-helm-vs-confighub-parity,default;no-crds,-,,f,scan and production disposition,"run catalog promotion review, choose one supported base, then add selected live evidence",scan/disposition evidence exists and at least one selected base has live witness or routed deferral,recipes/percona/psmdb-operator/1.22.0/revisions/default/r001/variant-revision.yaml;recipes/percona/psmdb-operator/1.22.0/helm-pain-report.yaml;recipes/percona/psmdb-operator/1.22.0/control-points.yaml;data/outcome-coverage/feature-outcomes.csv;recipes/percona/psmdb-operator/1.22.0/control-points.yaml;recipes/percona/psmdb-operator/1.22.0/value-model.yaml;recipes/percona/psmdb-operator/1.22.0/helm-plan.yaml;recipes/percona/psmdb-operator/1.22.0/CATALOG.md;recipes/percona/psmdb-operator/1.22.0/helm-pain-report.yaml,run catalog promotion review,
promotion-review,2,percona/pxc-operator,1.19.1,percona/pxc-operator@1.19.1,promote-after-review,88,live-helm-vs-confighub-parity,default;no-crds,-,lookup;crds;cluster-rbac,f,scan and production disposition,"run catalog promotion review, choose one supported base, then add selected live evidence",scan/disposition evidence exists and at least one selected base has live witness or routed deferral,recipes/percona/pxc-operator/1.19.1/revisions/default/r001/variant-revision.yaml;recipes/percona/pxc-operator/1.19.1/helm-pain-report.yaml;recipes/percona/pxc-operator/1.19.1/control-points.yaml;data/outcome-coverage/feature-outcomes.csv;recipes/percona/pxc-operator/1.19.1/control-points.yaml;recipes/percona/pxc-operator/1.19.1/value-model.yaml;recipes/percona/pxc-operator/1.19.1/helm-plan.yaml;recipes/percona/pxc-operator/1.19.1/CATALOG.md;recipes/percona/pxc-operator/1.19.1/helm-pain-report.yaml,run catalog promotion review,
promotion-review,2,prometheus-community/alertmanager,1.37.0,prometheus-community/alertmanager@1.37.0,promote-after-review,88,live-helm-vs-confighub-parity,default;ha,-,tpl;stateful-storage,f,scan and production disposition,"run catalog promotion review, choose one supported base, then add selected live evidence",scan/disposition evidence exists and at least one selected base has live witness or routed deferral,recipes/prometheus-community/alertmanager/1.37.0/revisions/default/r001/variant-revision.yaml;recipes/prometheus-community/alertmanager/1.37.0/helm-pain-report.yaml;recipes/prometheus-community/alertmanager/1.37.0/control-points.yaml;data/outcome-coverage/feature-outcomes.csv;recipes/prometheus-community/alertmanager/1.37.0/control-points.yaml;recipes/prometheus-community/alertmanager/1.37.0/value-model.yaml;recipes/prometheus-community/alertmanager/1.37.0/helm-plan.yaml;recipes/prometheus-community/alertmanager/1.37.0/CATALOG.md;recipes/prometheus-community/alertmanager/1.37.0/helm-pain-report.yaml,run catalog promotion review,
promotion-review,2,prometheus-community/kube-state-metrics,7.4.0,prometheus-community/kube-state-metrics@7.4.0,promote-after-review,88,live-helm-vs-confighub-parity,default;cluster-metrics-readonly,-,generated-facts;tpl;capabilities;cluster-rbac;stateful-storage,f,scan and production disposition,"run catalog promotion review, choose one supported base, then add selected live evidence",scan/disposition evidence exists and at least one selected base has live witness or routed deferral,recipes/prometheus-community/kube-state-metrics/7.4.0/revisions/cluster-metrics-readonly/r001/variant-revision.yaml;recipes/prometheus-community/kube-state-metrics/7.4.0/helm-pain-report.yaml;recipes/prometheus-community/kube-state-metrics/7.4.0/control-points.yaml;data/outcome-coverage/feature-outcomes.csv;recipes/prometheus-community/kube-state-metrics/7.4.0/control-points.yaml;recipes/prometheus-community/kube-state-metrics/7.4.0/value-model.yaml;recipes/prometheus-community/kube-state-metrics/7.4.0/helm-plan.yaml;recipes/prometheus-community/kube-state-metrics/7.4.0/CATALOG.md;recipes/prometheus-community/kube-state-metrics/7.4.0/helm-pain-report.yaml,run catalog promotion review,
promotion-review,2,prometheus-community/prometheus-blackbox-exporter,11.10.0,prometheus-community/prometheus-blackbox-exporter@11.10.0,promote-after-review,88,live-helm-vs-confighub-parity,default;cluster-metrics-readonly,-,tpl;capabilities,f,scan and production disposition,"run catalog promotion review, choose one supported base, then add selected live evidence",scan/disposition evidence exists and at least one selected base has live witness or routed deferral,recipes/prometheus-community/prometheus-blackbox-exporter/11.10.0/revisions/cluster-metrics-readonly/r001/variant-revision.yaml;recipes/prometheus-community/prometheus-blackbox-exporter/11.10.0/helm-pain-report.yaml;recipes/prometheus-community/prometheus-blackbox-exporter/11.10.0/control-points.yaml;data/outcome-coverage/feature-outcomes.csv;recipes/prometheus-community/prometheus-blackbox-exporter/11.10.0/control-points.yaml;recipes/prometheus-community/prometheus-blackbox-exporter/11.10.0/value-model.yaml;recipes/prometheus-community/prometheus-blackbox-exporter/11.10.0/helm-plan.yaml;recipes/prometheus-community/prometheus-blackbox-exporter/11.10.0/CATALOG.md;recipes/prometheus-community/prometheus-blackbox-exporter/11.10.0/helm-pain-report.yaml,run catalog promotion review,
promotion-review,2,prometheus-community/prometheus-node-exporter,4.55.0,prometheus-community/prometheus-node-exporter@4.55.0,promote-after-review,88,live-helm-vs-confighub-parity,default;cluster-metrics-readonly,-,generated-facts;tpl;capabilities;cluster-rbac,f,scan and production disposition,"run catalog promotion review, choose one supported base, then add selected live evidence",scan/disposition evidence exists and at least one selected base has live witness or routed deferral,recipes/prometheus-community/prometheus-node-exporter/4.55.0/revisions/cluster-metrics-readonly/r001/variant-revision.yaml;recipes/prometheus-community/prometheus-node-exporter/4.55.0/helm-pain-report.yaml;recipes/prometheus-community/prometheus-node-exporter/4.55.0/control-points.yaml;data/outcome-coverage/feature-outcomes.csv;recipes/prometheus-community/prometheus-node-exporter/4.55.0/control-points.yaml;recipes/prometheus-community/prometheus-node-exporter/4.55.0/value-model.yaml;recipes/prometheus-community/prometheus-node-exporter/4.55.0/helm-plan.yaml;recipes/prometheus-community/prometheus-node-exporter/4.55.0/CATALOG.md;recipes/prometheus-community/prometheus-node-exporter/4.55.0/helm-pain-report.yaml,run catalog promotion review,
promotion-review,2,sealed-secrets/sealed-secrets,2.18.6,sealed-secrets/sealed-secrets@2.18.6,promote-after-review,88,live-helm-vs-confighub-parity,default;no-crds,-,,f,scan and production disposition,"run catalog promotion review, choose one supported base, then add selected live evidence",scan/disposition evidence exists and at least one selected base has live witness or routed deferral,recipes/sealed-secrets/sealed-secrets/2.18.6/revisions/default/r001/variant-revision.yaml;recipes/sealed-secrets/sealed-secrets/2.18.6/helm-pain-report.yaml;recipes/sealed-secrets/sealed-secrets/2.18.6/control-points.yaml;data/outcome-coverage/feature-outcomes.csv;recipes/sealed-secrets/sealed-secrets/2.18.6/control-points.yaml;recipes/sealed-secrets/sealed-secrets/2.18.6/value-model.yaml;recipes/sealed-secrets/sealed-secrets/2.18.6/helm-plan.yaml;recipes/sealed-secrets/sealed-secrets/2.18.6/CATALOG.md;recipes/sealed-secrets/sealed-secrets/2.18.6/helm-pain-report.yaml,run catalog promotion review,
promotion-review,2,stakater/reloader,2.2.12,stakater/reloader@2.2.12,promote-after-review,88,live-helm-vs-confighub-parity,default;controller-default-reviewed,-,tpl;capabilities;cluster-rbac,f,scan and production disposition,"run catalog promotion review, choose one supported base, then add selected live evidence",scan/disposition evidence exists and at least one selected base has live witness or routed deferral,recipes/stakater/reloader/2.2.12/revisions/controller-default-reviewed/r001/variant-revision.yaml;recipes/stakater/reloader/2.2.12/helm-pain-report.yaml;recipes/stakater/reloader/2.2.12/control-points.yaml;data/outcome-coverage/feature-outcomes.csv;recipes/stakater/reloader/2.2.12/control-points.yaml;recipes/stakater/reloader/2.2.12/value-model.yaml;recipes/stakater/reloader/2.2.12/helm-plan.yaml;recipes/stakater/reloader/2.2.12/CATALOG.md;recipes/stakater/reloader/2.2.12/helm-pain-report.yaml,run catalog promotion review,
promotion-review,2,strimzi/strimzi-kafka-operator,1.0.0,strimzi/strimzi-kafka-operator@1.0.0,promote-after-review,88,live-helm-vs-confighub-parity,default;no-crds,-,tpl;capabilities;crds;cluster-rbac,f,scan and production disposition,"run catalog promotion review, choose one supported base, then add selected live evidence",scan/disposition evidence exists and at least one selected base has live witness or routed deferral,recipes/strimzi/strimzi-kafka-operator/1.0.0/revisions/default/r001/variant-revision.yaml;recipes/strimzi/strimzi-kafka-operator/1.0.0/helm-pain-report.yaml;recipes/strimzi/strimzi-kafka-operator/1.0.0/control-points.yaml;data/outcome-coverage/feature-outcomes.csv;recipes/strimzi/strimzi-kafka-operator/1.0.0/control-points.yaml;recipes/strimzi/strimzi-kafka-operator/1.0.0/value-model.yaml;recipes/strimzi/strimzi-kafka-operator/1.0.0/helm-plan.yaml;recipes/strimzi/strimzi-kafka-operator/1.0.0/CATALOG.md;recipes/strimzi/strimzi-kafka-operator/1.0.0/helm-pain-report.yaml,run catalog promotion review,
promotion-review,3,bitnami/opensearch,2.0.10,bitnami/opensearch@2.0.10,promote-after-review,75,in-confighub-proof,default;ha,-,,f;g,scan and production disposition;live witness or routed reason,"run catalog promotion review, choose one supported base, then add selected live evidence",scan/disposition evidence exists and at least one selected base has live witness or routed deferral,recipes/bitnami/opensearch/2.0.10/revisions/default/r001/variant-revision.yaml;recipes/bitnami/opensearch/2.0.10/helm-pain-report.yaml;recipes/bitnami/opensearch/2.0.10/control-points.yaml;data/outcome-coverage/feature-outcomes.csv;recipes/bitnami/opensearch/2.0.10/control-points.yaml;recipes/bitnami/opensearch/2.0.10/value-model.yaml;recipes/bitnami/opensearch/2.0.10/helm-plan.yaml;recipes/bitnami/opensearch/2.0.10/CATALOG.md;recipes/bitnami/opensearch/2.0.10/helm-pain-report.yaml,run catalog promotion review,
promotion-review,3,elastic/filebeat,8.5.1,elastic/filebeat@8.5.1,promote-after-review,75,in-confighub-proof,default;node-or-cluster-collector,-,tpl;cluster-rbac,f;g,scan and production disposition;live witness or routed reason,"run catalog promotion review, choose one supported base, then add selected live evidence",scan/disposition evidence exists and at least one selected base has live witness or routed deferral,recipes/elastic/filebeat/8.5.1/revisions/default/r001/variant-revision.yaml;recipes/elastic/filebeat/8.5.1/helm-pain-report.yaml;recipes/elastic/filebeat/8.5.1/control-points.yaml;data/outcome-coverage/feature-outcomes.csv;recipes/elastic/filebeat/8.5.1/control-points.yaml;recipes/elastic/filebeat/8.5.1/value-model.yaml;recipes/elastic/filebeat/8.5.1/helm-plan.yaml;recipes/elastic/filebeat/8.5.1/CATALOG.md;recipes/elastic/filebeat/8.5.1/helm-pain-report.yaml,run catalog promotion review,
promotion-review,3,hashicorp/terraform,1.1.2,hashicorp/terraform@1.1.2,promote-after-review,75,in-confighub-proof,default;no-crds,-,crds,f;g,scan and production disposition;live witness or routed reason,"run catalog promotion review, choose one supported base, then add selected live evidence",scan/disposition evidence exists and at least one selected base has live witness or routed deferral,recipes/hashicorp/terraform/1.1.2/revisions/default/r001/variant-revision.yaml;recipes/hashicorp/terraform/1.1.2/helm-pain-report.yaml;recipes/hashicorp/terraform/1.1.2/control-points.yaml;data/outcome-coverage/feature-outcomes.csv;recipes/hashicorp/terraform/1.1.2/control-points.yaml;recipes/hashicorp/terraform/1.1.2/value-model.yaml;recipes/hashicorp/terraform/1.1.2/helm-plan.yaml;recipes/hashicorp/terraform/1.1.2/CATALOG.md;recipes/hashicorp/terraform/1.1.2/helm-pain-report.yaml,run catalog promotion review,
promotion-review,3,istio/gateway,1.30.0,istio/gateway@1.30.0,promote-after-review,75,in-confighub-proof,default;controller-default-reviewed,-,,f;g,scan and production disposition;live witness or routed reason,"run catalog promotion review, choose one supported base, then add selected live evidence",scan/disposition evidence exists and at least one selected base has live witness or routed deferral,recipes/istio/gateway/1.30.0/revisions/controller-default-reviewed/r001/variant-revision.yaml;recipes/istio/gateway/1.30.0/helm-pain-report.yaml;recipes/istio/gateway/1.30.0/control-points.yaml;data/outcome-coverage/feature-outcomes.csv;recipes/istio/gateway/1.30.0/control-points.yaml;recipes/istio/gateway/1.30.0/value-model.yaml;recipes/istio/gateway/1.30.0/helm-plan.yaml;recipes/istio/gateway/1.30.0/CATALOG.md;recipes/istio/gateway/1.30.0/helm-pain-report.yaml,run catalog promotion review,
promotion-review,3,jaegertracing/jaeger-operator,2.57.0,jaegertracing/jaeger-operator@2.57.0,promote-after-review,75,in-confighub-proof,default;no-crds,-,crds;webhooks,f;g,scan and production disposition;live witness or routed reason,"run catalog promotion review, choose one supported base, then add selected live evidence",scan/disposition evidence exists and at least one selected base has live witness or routed deferral,recipes/jaegertracing/jaeger-operator/2.57.0/revisions/default/r001/variant-revision.yaml;recipes/jaegertracing/jaeger-operator/2.57.0/helm-pain-report.yaml;recipes/jaegertracing/jaeger-operator/2.57.0/control-points.yaml;data/outcome-coverage/feature-outcomes.csv;recipes/jaegertracing/jaeger-operator/2.57.0/control-points.yaml;recipes/jaegertracing/jaeger-operator/2.57.0/value-model.yaml;recipes/jaegertracing/jaeger-operator/2.57.0/helm-plan.yaml;recipes/jaegertracing/jaeger-operator/2.57.0/CATALOG.md;recipes/jaegertracing/jaeger-operator/2.57.0/helm-pain-report.yaml,run catalog promotion review,
promotion-review,3,jetstack/trust-manager,v0.22.1,jetstack/trust-manager@v0.22.1,promote-after-review,75,in-confighub-proof,default;no-crds,-,,f;g,scan and production disposition;live witness or routed reason,"run catalog promotion review, choose one supported base, then add selected live evidence",scan/disposition evidence exists and at least one selected base has live witness or routed deferral,recipes/jetstack/trust-manager/v0.22.1/revisions/default/r001/variant-revision.yaml;recipes/jetstack/trust-manager/v0.22.1/helm-pain-report.yaml;recipes/jetstack/trust-manager/v0.22.1/control-points.yaml;data/outcome-coverage/feature-outcomes.csv;recipes/jetstack/trust-manager/v0.22.1/control-points.yaml;recipes/jetstack/trust-manager/v0.22.1/value-model.yaml;recipes/jetstack/trust-manager/v0.22.1/helm-plan.yaml;recipes/jetstack/trust-manager/v0.22.1/CATALOG.md;recipes/jetstack/trust-manager/v0.22.1/helm-pain-report.yaml,run catalog promotion review,
promotion-review,3,nats/surveyor,0.20.9,nats/surveyor@0.20.9,promote-after-review,75,in-confighub-proof,default;default-reviewed,-,,f;g,scan and production disposition;live witness or routed reason,"run catalog promotion review, choose one supported base, then add selected live evidence",scan/disposition evidence exists and at least one selected base has live witness or routed deferral,recipes/nats/surveyor/0.20.9/revisions/default/r001/variant-revision.yaml;recipes/nats/surveyor/0.20.9/helm-pain-report.yaml;recipes/nats/surveyor/0.20.9/control-points.yaml;data/outcome-coverage/feature-outcomes.csv;recipes/nats/surveyor/0.20.9/control-points.yaml;recipes/nats/surveyor/0.20.9/value-model.yaml;recipes/nats/surveyor/0.20.9/helm-plan.yaml;recipes/nats/surveyor/0.20.9/CATALOG.md;recipes/nats/surveyor/0.20.9/helm-pain-report.yaml,run catalog promotion review,
promotion-review,3,velero/velero,12.0.1,velero/velero@12.0.1,promote-after-review,75,in-confighub-proof,default;no-crds,-,,f;g,scan and production disposition;live witness or routed reason,"run catalog promotion review, choose one supported base, then add selected live evidence",scan/disposition evidence exists and at least one selected base has live witness or routed deferral,recipes/velero/velero/12.0.1/revisions/default/r001/variant-revision.yaml;recipes/velero/velero/12.0.1/helm-pain-report.yaml;recipes/velero/velero/12.0.1/control-points.yaml;data/outcome-coverage/feature-outcomes.csv;recipes/velero/velero/12.0.1/control-points.yaml;recipes/velero/velero/12.0.1/value-model.yaml;recipes/velero/velero/12.0.1/helm-plan.yaml;recipes/velero/velero/12.0.1/CATALOG.md;recipes/velero/velero/12.0.1/helm-pain-report.yaml,run catalog promotion review,
promotion-review,3,grafana/rollout-operator,0.49.0,grafana/rollout-operator@0.49.0,promote-after-review,88,local-kubernetes-live,default;no-crds,-,,f,scan and production disposition,"run catalog promotion review, choose one supported base, then add selected live evidence",scan/disposition evidence exists and at least one selected base has live witness or routed deferral,recipes/grafana/rollout-operator/0.49.0/revisions/default/r001/variant-revision.yaml;recipes/grafana/rollout-operator/0.49.0/helm-pain-report.yaml;recipes/grafana/rollout-operator/0.49.0/control-points.yaml;data/outcome-coverage/feature-outcomes.csv;recipes/grafana/rollout-operator/0.49.0/control-points.yaml;recipes/grafana/rollout-operator/0.49.0/value-model.yaml;recipes/grafana/rollout-operator/0.49.0/helm-plan.yaml;recipes/grafana/rollout-operator/0.49.0/CATALOG.md;recipes/grafana/rollout-operator/0.49.0/helm-pain-report.yaml,run catalog promotion review,
promotion-review,3,nats/nack,0.34.0,nats/nack@0.34.0,promote-after-review,88,local-kubernetes-live,default;no-crds,-,,f,scan and production disposition,"run catalog promotion review, choose one supported base, then add selected live evidence",scan/disposition evidence exists and at least one selected base has live witness or routed deferral,recipes/nats/nack/0.34.0/revisions/default/r001/variant-revision.yaml;recipes/nats/nack/0.34.0/helm-pain-report.yaml;recipes/nats/nack/0.34.0/control-points.yaml;data/outcome-coverage/feature-outcomes.csv;recipes/nats/nack/0.34.0/control-points.yaml;recipes/nats/nack/0.34.0/value-model.yaml;recipes/nats/nack/0.34.0/helm-plan.yaml;recipes/nats/nack/0.34.0/CATALOG.md;recipes/nats/nack/0.34.0/helm-pain-report.yaml,run catalog promotion review,
promotion-review,3,vm/victoria-metrics-single,0.39.0,vm/victoria-metrics-single@0.39.0,promote-after-review,88,local-kubernetes-live,default;default-reviewed,-,,f,scan and production disposition,"run catalog promotion review, choose one supported base, then add selected live evidence",scan/disposition evidence exists and at least one selected base has live witness or routed deferral,recipes/vm/victoria-metrics-single/0.39.0/revisions/default/r001/variant-revision.yaml;recipes/vm/victoria-metrics-single/0.39.0/helm-pain-report.yaml;recipes/vm/victoria-metrics-single/0.39.0/control-points.yaml;data/outcome-coverage/feature-outcomes.csv;recipes/vm/victoria-metrics-single/0.39.0/control-points.yaml;recipes/vm/victoria-metrics-single/0.39.0/value-model.yaml;recipes/vm/victoria-metrics-single/0.39.0/helm-plan.yaml;recipes/vm/victoria-metrics-single/0.39.0/CATALOG.md;recipes/vm/victoria-metrics-single/0.39.0/helm-pain-report.yaml,run catalog promotion review,
user-shaped-variant,4,aws-ebs-csi-driver/aws-ebs-csi-driver,2.60.1,aws-ebs-csi-driver/aws-ebs-csi-driver@2.60.1,needs-useful-variant,75,in-confighub-proof,default,-,tpl;capabilities;cluster-rbac,f;g,scan and production disposition;live witness or routed reason,design one realistic base variant a Helm user would actually choose,a realistic named base variant exists and the chart moves to promotion or limitation review,recipes/aws-ebs-csi-driver/aws-ebs-csi-driver/2.60.1/revisions/default/r001/variant-revision.yaml;recipes/aws-ebs-csi-driver/aws-ebs-csi-driver/2.60.1/helm-pain-report.yaml;recipes/aws-ebs-csi-driver/aws-ebs-csi-driver/2.60.1/control-points.yaml;data/outcome-coverage/feature-outcomes.csv;recipes/aws-ebs-csi-driver/aws-ebs-csi-driver/2.60.1/control-points.yaml;recipes/aws-ebs-csi-driver/aws-ebs-csi-driver/2.60.1/value-model.yaml;recipes/aws-ebs-csi-driver/aws-ebs-csi-driver/2.60.1/helm-plan.yaml;recipes/aws-ebs-csi-driver/aws-ebs-csi-driver/2.60.1/CATALOG.md;recipes/aws-ebs-csi-driver/aws-ebs-csi-driver/2.60.1/helm-pain-report.yaml,add at least one user-shaped variant before catalog promotion,
user-shaped-variant,4,dex/dex,0.24.0,dex/dex@0.24.0,needs-useful-variant,75,in-confighub-proof,default,-,tpl;capabilities;cluster-rbac,f;g,scan and production disposition;live witness or routed reason,design one realistic base variant a Helm user would actually choose,a realistic named base variant exists and the chart moves to promotion or limitation review,recipes/dex/dex/0.24.0/revisions/default/r001/variant-revision.yaml;recipes/dex/dex/0.24.0/helm-pain-report.yaml;recipes/dex/dex/0.24.0/control-points.yaml;data/outcome-coverage/feature-outcomes.csv;recipes/dex/dex/0.24.0/control-points.yaml;recipes/dex/dex/0.24.0/value-model.yaml;recipes/dex/dex/0.24.0/helm-plan.yaml;recipes/dex/dex/0.24.0/CATALOG.md;recipes/dex/dex/0.24.0/helm-pain-report.yaml,add at least one user-shaped variant before catalog promotion,
user-shaped-variant,4,elastic/kibana,8.5.1,elastic/kibana@8.5.1,needs-useful-variant,75,render-parity,default,-,tpl,f;g,scan and production disposition;live witness or routed reason,design one realistic base variant a Helm user would actually choose,a realistic named base variant exists and the chart moves to promotion or limitation review,recipes/elastic/kibana/8.5.1/revisions/default/r001/variant-revision.yaml;recipes/elastic/kibana/8.5.1/helm-pain-report.yaml;recipes/elastic/kibana/8.5.1/control-points.yaml;data/outcome-coverage/feature-outcomes.csv;recipes/elastic/kibana/8.5.1/control-points.yaml;recipes/elastic/kibana/8.5.1/value-model.yaml;recipes/elastic/kibana/8.5.1/helm-plan.yaml;recipes/elastic/kibana/8.5.1/CATALOG.md;recipes/elastic/kibana/8.5.1/helm-pain-report.yaml,add at least one user-shaped variant before catalog promotion,
user-shaped-variant,4,elastic/metricbeat,8.5.1,elastic/metricbeat@8.5.1,needs-useful-variant,75,render-parity,default,-,tpl;capabilities;cluster-rbac;stateful-storage,f;g,scan and production disposition;live witness or routed reason,design one realistic base variant a Helm user would actually choose,a realistic named base variant exists and the chart moves to promotion or limitation review,recipes/elastic/metricbeat/8.5.1/revisions/default/r001/variant-revision.yaml;recipes/elastic/metricbeat/8.5.1/helm-pain-report.yaml;recipes/elastic/metricbeat/8.5.1/control-points.yaml;data/outcome-coverage/feature-outcomes.csv;recipes/elastic/metricbeat/8.5.1/control-points.yaml;recipes/elastic/metricbeat/8.5.1/value-model.yaml;recipes/elastic/metricbeat/8.5.1/helm-plan.yaml;recipes/elastic/metricbeat/8.5.1/CATALOG.md;recipes/elastic/metricbeat/8.5.1/helm-pain-report.yaml,add at least one user-shaped variant before catalog promotion,
user-shaped-variant,4,gitlab/gitlab-runner,0.89.0,gitlab/gitlab-runner@0.89.0,needs-useful-variant,75,in-confighub-proof,default,-,generated-facts;tpl;capabilities,f;g,scan and production disposition;live witness or routed reason,design one realistic base variant a Helm user would actually choose,a realistic named base variant exists and the chart moves to promotion or limitation review,recipes/gitlab/gitlab-runner/0.89.0/revisions/default/r001/variant-revision.yaml;recipes/gitlab/gitlab-runner/0.89.0/helm-pain-report.yaml;recipes/gitlab/gitlab-runner/0.89.0/control-points.yaml;data/outcome-coverage/feature-outcomes.csv;recipes/gitlab/gitlab-runner/0.89.0/control-points.yaml;recipes/gitlab/gitlab-runner/0.89.0/value-model.yaml;recipes/gitlab/gitlab-runner/0.89.0/helm-plan.yaml;recipes/gitlab/gitlab-runner/0.89.0/CATALOG.md;recipes/gitlab/gitlab-runner/0.89.0/helm-pain-report.yaml,add at least one user-shaped variant before catalog promotion,
user-shaped-variant,4,istio/istiod,1.30.0,istio/istiod@1.30.0,needs-useful-variant,75,in-confighub-proof,default,-,,f;g,scan and production disposition;live witness or routed reason,design one realistic base variant a Helm user would actually choose,a realistic named base variant exists and the chart moves to promotion or limitation review,recipes/istio/istiod/1.30.0/revisions/default/r001/variant-revision.yaml;recipes/istio/istiod/1.30.0/helm-pain-report.yaml;recipes/istio/istiod/1.30.0/control-points.yaml;data/outcome-coverage/feature-outcomes.csv;recipes/istio/istiod/1.30.0/control-points.yaml;recipes/istio/istiod/1.30.0/value-model.yaml;recipes/istio/istiod/1.30.0/helm-plan.yaml;recipes/istio/istiod/1.30.0/CATALOG.md;recipes/istio/istiod/1.30.0/helm-pain-report.yaml,add at least one user-shaped variant before catalog promotion,
user-shaped-variant,4,nfs-subdir-external-provisioner/nfs-subdir-external-provisioner,4.0.18,nfs-subdir-external-provisioner/nfs-subdir-external-provisioner@4.0.18,needs-useful-variant,75,in-confighub-proof,default,-,capabilities;cluster-rbac;stateful-storage,f;g,scan and production disposition;live witness or routed reason,design one realistic base variant a Helm user would actually choose,a realistic named base variant exists and the chart moves to promotion or limitation review,recipes/nfs-subdir-external-provisioner/nfs-subdir-external-provisioner/4.0.18/revisions/default/r001/variant-revision.yaml;recipes/nfs-subdir-external-provisioner/nfs-subdir-external-provisioner/4.0.18/helm-pain-report.yaml;recipes/nfs-subdir-external-provisioner/nfs-subdir-external-provisioner/4.0.18/control-points.yaml;data/outcome-coverage/feature-outcomes.csv;recipes/nfs-subdir-external-provisioner/nfs-subdir-external-provisioner/4.0.18/control-points.yaml;recipes/nfs-subdir-external-provisioner/nfs-subdir-external-provisioner/4.0.18/value-model.yaml;recipes/nfs-subdir-external-provisioner/nfs-subdir-external-provisioner/4.0.18/helm-plan.yaml;recipes/nfs-subdir-external-provisioner/nfs-subdir-external-provisioner/4.0.18/CATALOG.md;recipes/nfs-subdir-external-provisioner/nfs-subdir-external-provisioner/4.0.18/helm-pain-report.yaml,add at least one user-shaped variant before catalog promotion,
user-shaped-variant,4,opencost/opencost,2.5.21,opencost/opencost@2.5.21,needs-useful-variant,75,in-confighub-proof,default,-,tpl;capabilities;cluster-rbac;stateful-storage,f;g,scan and production disposition;live witness or routed reason,design one realistic base variant a Helm user would actually choose,a realistic named base variant exists and the chart moves to promotion or limitation review,recipes/opencost/opencost/2.5.21/revisions/default/r001/variant-revision.yaml;recipes/opencost/opencost/2.5.21/helm-pain-report.yaml;recipes/opencost/opencost/2.5.21/control-points.yaml;data/outcome-coverage/feature-outcomes.csv;recipes/opencost/opencost/2.5.21/control-points.yaml;recipes/opencost/opencost/2.5.21/value-model.yaml;recipes/opencost/opencost/2.5.21/helm-plan.yaml;recipes/opencost/opencost/2.5.21/CATALOG.md;recipes/opencost/opencost/2.5.21/helm-pain-report.yaml,add at least one user-shaped variant before catalog promotion,
user-shaped-variant,4,projectcalico/tigera-operator,v3.32.0,projectcalico/tigera-operator@v3.32.0,needs-useful-variant,75,in-confighub-proof,default,-,lookup;hooks;cluster-rbac,f;g,scan and production disposition;live witness or routed reason,design one realistic base variant a Helm user would actually choose,a realistic named base variant exists and the chart moves to promotion or limitation review,recipes/projectcalico/tigera-operator/v3.32.0/revisions/default/r001/variant-revision.yaml;recipes/projectcalico/tigera-operator/v3.32.0/helm-pain-report.yaml;recipes/projectcalico/tigera-operator/v3.32.0/control-points.yaml;data/outcome-coverage/feature-outcomes.csv;recipes/projectcalico/tigera-operator/v3.32.0/control-points.yaml;recipes/projectcalico/tigera-operator/v3.32.0/value-model.yaml;recipes/projectcalico/tigera-operator/v3.32.0/helm-plan.yaml;recipes/projectcalico/tigera-operator/v3.32.0/CATALOG.md;recipes/projectcalico/tigera-operator/v3.32.0/helm-pain-report.yaml,add at least one user-shaped variant before catalog promotion,
user-shaped-variant,4,argo-cd/argocd-image-updater,1.2.2,argo-cd/argocd-image-updater@1.2.2,needs-useful-variant,88,two-cluster-kind-parity,default,no-crds (template-baked CRDs; no clean chart toggle yet),,f,scan and production disposition,design one realistic base variant a Helm user would actually choose,a realistic named base variant exists and the chart moves to promotion or limitation review,recipes/argo-cd/argocd-image-updater/1.2.2/revisions/default/r001/variant-revision.yaml;recipes/argo-cd/argocd-image-updater/1.2.2/helm-pain-report.yaml;recipes/argo-cd/argocd-image-updater/1.2.2/control-points.yaml;data/outcome-coverage/feature-outcomes.csv;recipes/argo-cd/argocd-image-updater/1.2.2/control-points.yaml;recipes/argo-cd/argocd-image-updater/1.2.2/value-model.yaml;recipes/argo-cd/argocd-image-updater/1.2.2/helm-plan.yaml;recipes/argo-cd/argocd-image-updater/1.2.2/CATALOG.md;recipes/argo-cd/argocd-image-updater/1.2.2/helm-pain-report.yaml,add at least one user-shaped variant before catalog promotion,
user-shaped-variant,4,bitnami/apache,11.4.29,bitnami/apache@11.4.29,needs-useful-variant,88,render-parity,default,existing-secret (chart ships no Secret toggle),lookup;generated-facts;tpl;capabilities,f,scan and production disposition,design one realistic base variant a Helm user would actually choose,a realistic named base variant exists and the chart moves to promotion or limitation review,recipes/bitnami/apache/11.4.29/revisions/default/r001/variant-revision.yaml;recipes/bitnami/apache/11.4.29/helm-pain-report.yaml;recipes/bitnami/apache/11.4.29/control-points.yaml;data/outcome-coverage/feature-outcomes.csv;recipes/bitnami/apache/11.4.29/control-points.yaml;recipes/bitnami/apache/11.4.29/value-model.yaml;recipes/bitnami/apache/11.4.29/helm-plan.yaml;recipes/bitnami/apache/11.4.29/CATALOG.md;recipes/bitnami/apache/11.4.29/helm-pain-report.yaml,add at least one user-shaped variant before catalog promotion,
user-shaped-variant,4,bitnami/memcached,8.5.5,bitnami/memcached@8.5.5,needs-useful-variant,88,local-kubernetes-live,default,existing-secret (chart ships no Secret toggle),lookup;generated-facts;tpl;capabilities;stateful-storage,f,scan and production disposition,design one realistic base variant a Helm user would actually choose,a realistic named base variant exists and the chart moves to promotion or limitation review,recipes/bitnami/memcached/8.5.5/revisions/default/r001/variant-revision.yaml;recipes/bitnami/memcached/8.5.5/helm-pain-report.yaml;recipes/bitnami/memcached/8.5.5/control-points.yaml;data/outcome-coverage/feature-outcomes.csv;recipes/bitnami/memcached/8.5.5/control-points.yaml;recipes/bitnami/memcached/8.5.5/value-model.yaml;recipes/bitnami/memcached/8.5.5/helm-plan.yaml;recipes/bitnami/memcached/8.5.5/CATALOG.md;recipes/bitnami/memcached/8.5.5/helm-pain-report.yaml,add at least one user-shaped variant before catalog promotion,
user-shaped-variant,4,bitnami/phpmyadmin,20.0.0,bitnami/phpmyadmin@20.0.0,needs-useful-variant,88,render-parity,default,existing-secret (chart ships no Secret toggle),lookup;generated-facts;tpl;capabilities;stateful-storage,f,scan and production disposition,design one realistic base variant a Helm user would actually choose,a realistic named base variant exists and the chart moves to promotion or limitation review,recipes/bitnami/phpmyadmin/20.0.0/revisions/default/r001/variant-revision.yaml;recipes/bitnami/phpmyadmin/20.0.0/helm-pain-report.yaml;recipes/bitnami/phpmyadmin/20.0.0/control-points.yaml;data/outcome-coverage/feature-outcomes.csv;recipes/bitnami/phpmyadmin/20.0.0/control-points.yaml;recipes/bitnami/phpmyadmin/20.0.0/value-model.yaml;recipes/bitnami/phpmyadmin/20.0.0/helm-plan.yaml;recipes/bitnami/phpmyadmin/20.0.0/CATALOG.md;recipes/bitnami/phpmyadmin/20.0.0/helm-pain-report.yaml,add at least one user-shaped variant before catalog promotion,
user-shaped-variant,4,coredns/coredns,1.45.2,coredns/coredns@1.45.2,needs-useful-variant,88,two-cluster-kind-parity,default,-,generated-facts;tpl;capabilities;cluster-rbac,f,scan and production disposition,design one realistic base variant a Helm user would actually choose,a realistic named base variant exists and the chart moves to promotion or limitation review,recipes/coredns/coredns/1.45.2/revisions/default/r001/variant-revision.yaml;recipes/coredns/coredns/1.45.2/helm-pain-report.yaml;recipes/coredns/coredns/1.45.2/control-points.yaml;data/outcome-coverage/feature-outcomes.csv;recipes/coredns/coredns/1.45.2/control-points.yaml;recipes/coredns/coredns/1.45.2/value-model.yaml;recipes/coredns/coredns/1.45.2/helm-plan.yaml;recipes/coredns/coredns/1.45.2/CATALOG.md;recipes/coredns/coredns/1.45.2/helm-pain-report.yaml,add at least one user-shaped variant before catalog promotion,
user-shaped-variant,4,crossplane-stable/crossplane,2.3.1,crossplane-stable/crossplane@2.3.1,needs-useful-variant,88,live-helm-vs-confighub-parity,default,-,,f,scan and production disposition,design one realistic base variant a Helm user would actually choose,a realistic named base variant exists and the chart moves to promotion or limitation review,recipes/crossplane-stable/crossplane/2.3.1/revisions/default/r001/variant-revision.yaml;recipes/crossplane-stable/crossplane/2.3.1/helm-pain-report.yaml;recipes/crossplane-stable/crossplane/2.3.1/control-points.yaml;data/outcome-coverage/feature-outcomes.csv;recipes/crossplane-stable/crossplane/2.3.1/control-points.yaml;recipes/crossplane-stable/crossplane/2.3.1/value-model.yaml;recipes/crossplane-stable/crossplane/2.3.1/helm-plan.yaml;recipes/crossplane-stable/crossplane/2.3.1/CATALOG.md;recipes/crossplane-stable/crossplane/2.3.1/helm-pain-report.yaml,add at least one user-shaped variant before catalog promotion,
user-shaped-variant,4,descheduler/descheduler,0.36.0,descheduler/descheduler@0.36.0,needs-useful-variant,88,live-helm-vs-confighub-parity,default,-,tpl;cluster-rbac,f,scan and production disposition,design one realistic base variant a Helm user would actually choose,a realistic named base variant exists and the chart moves to promotion or limitation review,recipes/descheduler/descheduler/0.36.0/revisions/default/r001/variant-revision.yaml;recipes/descheduler/descheduler/0.36.0/helm-pain-report.yaml;recipes/descheduler/descheduler/0.36.0/control-points.yaml;data/outcome-coverage/feature-outcomes.csv;recipes/descheduler/descheduler/0.36.0/control-points.yaml;recipes/descheduler/descheduler/0.36.0/value-model.yaml;recipes/descheduler/descheduler/0.36.0/helm-plan.yaml;recipes/descheduler/descheduler/0.36.0/CATALOG.md;recipes/descheduler/descheduler/0.36.0/helm-pain-report.yaml,add at least one user-shaped variant before catalog promotion,
user-shaped-variant,4,fairwinds-stable/goldilocks,10.3.0,fairwinds-stable/goldilocks@10.3.0,needs-useful-variant,88,local-kubernetes-live,default,existing-secret (chart ships no Secret toggle),lookup;generated-facts;tpl;capabilities;crds;cluster-rbac;webhooks,f,scan and production disposition,design one realistic base variant a Helm user would actually choose,a realistic named base variant exists and the chart moves to promotion or limitation review,recipes/fairwinds-stable/goldilocks/10.3.0/revisions/default/r001/variant-revision.yaml;recipes/fairwinds-stable/goldilocks/10.3.0/helm-pain-report.yaml;recipes/fairwinds-stable/goldilocks/10.3.0/control-points.yaml;data/outcome-coverage/feature-outcomes.csv;recipes/fairwinds-stable/goldilocks/10.3.0/control-points.yaml;recipes/fairwinds-stable/goldilocks/10.3.0/value-model.yaml;recipes/fairwinds-stable/goldilocks/10.3.0/helm-plan.yaml;recipes/fairwinds-stable/goldilocks/10.3.0/CATALOG.md;recipes/fairwinds-stable/goldilocks/10.3.0/helm-pain-report.yaml,add at least one user-shaped variant before catalog promotion,
user-shaped-variant,4,falcosecurity/falco,9.0.0,falcosecurity/falco@9.0.0,needs-useful-variant,88,local-kubernetes-live,default,-,lookup;tpl;capabilities;cluster-rbac;stateful-storage,f,scan and production disposition,design one realistic base variant a Helm user would actually choose,a realistic named base variant exists and the chart moves to promotion or limitation review,recipes/falcosecurity/falco/9.0.0/revisions/default/r001/variant-revision.yaml;recipes/falcosecurity/falco/9.0.0/helm-pain-report.yaml;recipes/falcosecurity/falco/9.0.0/control-points.yaml;data/outcome-coverage/feature-outcomes.csv;recipes/falcosecurity/falco/9.0.0/control-points.yaml;recipes/falcosecurity/falco/9.0.0/value-model.yaml;recipes/falcosecurity/falco/9.0.0/helm-plan.yaml;recipes/falcosecurity/falco/9.0.0/CATALOG.md;recipes/falcosecurity/falco/9.0.0/helm-pain-report.yaml,add at least one user-shaped variant before catalog promotion,
user-shaped-variant,4,falcosecurity/falcosidekick,0.13.1,falcosecurity/falcosidekick@0.13.1,needs-useful-variant,88,local-kubernetes-live,default,-,capabilities;cluster-rbac;stateful-storage,f,scan and production disposition,design one realistic base variant a Helm user would actually choose,a realistic named base variant exists and the chart moves to promotion or limitation review,recipes/falcosecurity/falcosidekick/0.13.1/revisions/default/r001/variant-revision.yaml;recipes/falcosecurity/falcosidekick/0.13.1/helm-pain-report.yaml;recipes/falcosecurity/falcosidekick/0.13.1/control-points.yaml;data/outcome-coverage/feature-outcomes.csv;recipes/falcosecurity/falcosidekick/0.13.1/control-points.yaml;recipes/falcosecurity/falcosidekick/0.13.1/value-model.yaml;recipes/falcosecurity/falcosidekick/0.13.1/helm-plan.yaml;recipes/falcosecurity/falcosidekick/0.13.1/CATALOG.md;recipes/falcosecurity/falcosidekick/0.13.1/helm-pain-report.yaml,add at least one user-shaped variant before catalog promotion,
user-shaped-variant,4,fluent/fluent-bit,0.57.6,fluent/fluent-bit@0.57.6,needs-useful-variant,88,live-helm-vs-confighub-parity,default,-,tpl;capabilities;hooks;cluster-rbac,f,scan and production disposition,design one realistic base variant a Helm user would actually choose,a realistic named base variant exists and the chart moves to promotion or limitation review,recipes/fluent/fluent-bit/0.57.6/revisions/default/r001/variant-revision.yaml;recipes/fluent/fluent-bit/0.57.6/helm-pain-report.yaml;recipes/fluent/fluent-bit/0.57.6/control-points.yaml;data/outcome-coverage/feature-outcomes.csv;recipes/fluent/fluent-bit/0.57.6/control-points.yaml;recipes/fluent/fluent-bit/0.57.6/value-model.yaml;recipes/fluent/fluent-bit/0.57.6/helm-plan.yaml;recipes/fluent/fluent-bit/0.57.6/CATALOG.md;recipes/fluent/fluent-bit/0.57.6/helm-pain-report.yaml,add at least one user-shaped variant before catalog promotion,
user-shaped-variant,4,fluent/fluentd,0.5.3,fluent/fluentd@0.5.3,needs-useful-variant,88,local-kubernetes-live,default,-,tpl;capabilities;cluster-rbac;stateful-storage,f,scan and production disposition,design one realistic base variant a Helm user would actually choose,a realistic named base variant exists and the chart moves to promotion or limitation review,recipes/fluent/fluentd/0.5.3/revisions/default/r001/variant-revision.yaml;recipes/fluent/fluentd/0.5.3/helm-pain-report.yaml;recipes/fluent/fluentd/0.5.3/control-points.yaml;data/outcome-coverage/feature-outcomes.csv;recipes/fluent/fluentd/0.5.3/control-points.yaml;recipes/fluent/fluentd/0.5.3/value-model.yaml;recipes/fluent/fluentd/0.5.3/helm-plan.yaml;recipes/fluent/fluentd/0.5.3/CATALOG.md;recipes/fluent/fluentd/0.5.3/helm-pain-report.yaml,add at least one user-shaped variant before catalog promotion,
user-shaped-variant,4,grafana/promtail,6.17.1,grafana/promtail@6.17.1,needs-useful-variant,88,local-kubernetes-live,default,-,,f,scan and production disposition,design one realistic base variant a Helm user would actually choose,a realistic named base variant exists and the chart moves to promotion or limitation review,recipes/grafana/promtail/6.17.1/revisions/default/r001/variant-revision.yaml;recipes/grafana/promtail/6.17.1/helm-pain-report.yaml;recipes/grafana/promtail/6.17.1/control-points.yaml;data/outcome-coverage/feature-outcomes.csv;recipes/grafana/promtail/6.17.1/control-points.yaml;recipes/grafana/promtail/6.17.1/value-model.yaml;recipes/grafana/promtail/6.17.1/helm-plan.yaml;recipes/grafana/promtail/6.17.1/CATALOG.md;recipes/grafana/promtail/6.17.1/helm-pain-report.yaml,add at least one user-shaped variant before catalog promotion,
user-shaped-variant,4,haproxytech/kubernetes-ingress,1.52.0,haproxytech/kubernetes-ingress@1.52.0,needs-useful-variant,88,local-kubernetes-live,default,-,,f,scan and production disposition,design one realistic base variant a Helm user would actually choose,a realistic named base variant exists and the chart moves to promotion or limitation review,recipes/haproxytech/kubernetes-ingress/1.52.0/revisions/default/r001/variant-revision.yaml;recipes/haproxytech/kubernetes-ingress/1.52.0/helm-pain-report.yaml;recipes/haproxytech/kubernetes-ingress/1.52.0/control-points.yaml;data/outcome-coverage/feature-outcomes.csv;recipes/haproxytech/kubernetes-ingress/1.52.0/control-points.yaml;recipes/haproxytech/kubernetes-ingress/1.52.0/value-model.yaml;recipes/haproxytech/kubernetes-ingress/1.52.0/helm-plan.yaml;recipes/haproxytech/kubernetes-ingress/1.52.0/CATALOG.md;recipes/haproxytech/kubernetes-ingress/1.52.0/helm-pain-report.yaml,add at least one user-shaped variant before catalog promotion,
user-shaped-variant,4,jaegertracing/jaeger,4.8.0,jaegertracing/jaeger@4.8.0,needs-useful-variant,88,local-kubernetes-live,default,existing-secret (chart ships no Secret toggle),lookup;generated-facts;tpl;capabilities,f,scan and production disposition,design one realistic base variant a Helm user would actually choose,a realistic named base variant exists and the chart moves to promotion or limitation review,recipes/jaegertracing/jaeger/4.8.0/revisions/default/r001/variant-revision.yaml;recipes/jaegertracing/jaeger/4.8.0/helm-pain-report.yaml;recipes/jaegertracing/jaeger/4.8.0/control-points.yaml;data/outcome-coverage/feature-outcomes.csv;recipes/jaegertracing/jaeger/4.8.0/control-points.yaml;recipes/jaegertracing/jaeger/4.8.0/value-model.yaml;recipes/jaegertracing/jaeger/4.8.0/helm-plan.yaml;recipes/jaegertracing/jaeger/4.8.0/CATALOG.md;recipes/jaegertracing/jaeger/4.8.0/helm-pain-report.yaml,add at least one user-shaped variant before catalog promotion,
user-shaped-variant,4,jetstack/cert-manager-csi-driver,v0.14.0,jetstack/cert-manager-csi-driver@v0.14.0,needs-useful-variant,88,local-kubernetes-live,default,-,,f,scan and production disposition,design one realistic base variant a Helm user would actually choose,a realistic named base variant exists and the chart moves to promotion or limitation review,recipes/jetstack/cert-manager-csi-driver/v0.14.0/revisions/default/r001/variant-revision.yaml;recipes/jetstack/cert-manager-csi-driver/v0.14.0/helm-pain-report.yaml;recipes/jetstack/cert-manager-csi-driver/v0.14.0/control-points.yaml;data/outcome-coverage/feature-outcomes.csv;recipes/jetstack/cert-manager-csi-driver/v0.14.0/control-points.yaml;recipes/jetstack/cert-manager-csi-driver/v0.14.0/value-model.yaml;recipes/jetstack/cert-manager-csi-driver/v0.14.0/helm-plan.yaml;recipes/jetstack/cert-manager-csi-driver/v0.14.0/CATALOG.md;recipes/jetstack/cert-manager-csi-driver/v0.14.0/helm-pain-report.yaml,add at least one user-shaped variant before catalog promotion,
user-shaped-variant,4,kyverno/kyverno-policies,3.8.0,kyverno/kyverno-policies@3.8.0,needs-useful-variant,88,local-kubernetes-live,default,-,lookup;tpl,f,scan and production disposition,design one realistic base variant a Helm user would actually choose,a realistic named base variant exists and the chart moves to promotion or limitation review,recipes/kyverno/kyverno-policies/3.8.0/revisions/default/r001/variant-revision.yaml;recipes/kyverno/kyverno-policies/3.8.0/helm-pain-report.yaml;recipes/kyverno/kyverno-policies/3.8.0/control-points.yaml;data/outcome-coverage/feature-outcomes.csv;recipes/kyverno/kyverno-policies/3.8.0/control-points.yaml;recipes/kyverno/kyverno-policies/3.8.0/value-model.yaml;recipes/kyverno/kyverno-policies/3.8.0/helm-plan.yaml;recipes/kyverno/kyverno-policies/3.8.0/CATALOG.md;recipes/kyverno/kyverno-policies/3.8.0/helm-pain-report.yaml,add at least one user-shaped variant before catalog promotion,
user-shaped-variant,4,linkerd/linkerd-crds,1.8.0,linkerd/linkerd-crds@1.8.0,needs-useful-variant,88,local-kubernetes-live,default,-,,f,scan and production disposition,design one realistic base variant a Helm user would actually choose,a realistic named base variant exists and the chart moves to promotion or limitation review,recipes/linkerd/linkerd-crds/1.8.0/revisions/default/r001/variant-revision.yaml;recipes/linkerd/linkerd-crds/1.8.0/helm-pain-report.yaml;recipes/linkerd/linkerd-crds/1.8.0/control-points.yaml;data/outcome-coverage/feature-outcomes.csv;recipes/linkerd/linkerd-crds/1.8.0/control-points.yaml;recipes/linkerd/linkerd-crds/1.8.0/value-model.yaml;recipes/linkerd/linkerd-crds/1.8.0/helm-plan.yaml;recipes/linkerd/linkerd-crds/1.8.0/CATALOG.md;recipes/linkerd/linkerd-crds/1.8.0/helm-pain-report.yaml,add at least one user-shaped variant before catalog promotion,
user-shaped-variant,4,minio-operator/operator,7.1.1,minio-operator/operator@7.1.1,needs-useful-variant,88,local-kubernetes-live,default,no-crds (template-baked CRDs; no clean chart toggle yet),cluster-rbac,f,scan and production disposition,design one realistic base variant a Helm user would actually choose,a realistic named base variant exists and the chart moves to promotion or limitation review,recipes/minio-operator/operator/7.1.1/revisions/default/r001/variant-revision.yaml;recipes/minio-operator/operator/7.1.1/helm-pain-report.yaml;recipes/minio-operator/operator/7.1.1/control-points.yaml;data/outcome-coverage/feature-outcomes.csv;recipes/minio-operator/operator/7.1.1/control-points.yaml;recipes/minio-operator/operator/7.1.1/value-model.yaml;recipes/minio-operator/operator/7.1.1/helm-plan.yaml;recipes/minio-operator/operator/7.1.1/CATALOG.md;recipes/minio-operator/operator/7.1.1/helm-pain-report.yaml,add at least one user-shaped variant before catalog promotion,
user-shaped-variant,4,minio-operator/tenant,7.1.1,minio-operator/tenant@7.1.1,needs-useful-variant,88,local-kubernetes-live,default,-,,f,scan and production disposition,design one realistic base variant a Helm user would actually choose,a realistic named base variant exists and the chart moves to promotion or limitation review,recipes/minio-operator/tenant/7.1.1/revisions/default/r001/variant-revision.yaml;recipes/minio-operator/tenant/7.1.1/helm-pain-report.yaml;recipes/minio-operator/tenant/7.1.1/control-points.yaml;data/outcome-coverage/feature-outcomes.csv;recipes/minio-operator/tenant/7.1.1/control-points.yaml;recipes/minio-operator/tenant/7.1.1/value-model.yaml;recipes/minio-operator/tenant/7.1.1/helm-plan.yaml;recipes/minio-operator/tenant/7.1.1/CATALOG.md;recipes/minio-operator/tenant/7.1.1/helm-pain-report.yaml,add at least one user-shaped variant before catalog promotion,
user-shaped-variant,4,prometheus-community/prometheus-operator-crds,29.0.0,prometheus-community/prometheus-operator-crds@29.0.0,needs-useful-variant,88,local-kubernetes-live,default,-,generated-facts;crds,f,scan and production disposition,design one realistic base variant a Helm user would actually choose,a realistic named base variant exists and the chart moves to promotion or limitation review,recipes/prometheus-community/prometheus-operator-crds/29.0.0/revisions/default/r001/variant-revision.yaml;recipes/prometheus-community/prometheus-operator-crds/29.0.0/helm-pain-report.yaml;recipes/prometheus-community/prometheus-operator-crds/29.0.0/control-points.yaml;data/outcome-coverage/feature-outcomes.csv;recipes/prometheus-community/prometheus-operator-crds/29.0.0/control-points.yaml;recipes/prometheus-community/prometheus-operator-crds/29.0.0/value-model.yaml;recipes/prometheus-community/prometheus-operator-crds/29.0.0/helm-plan.yaml;recipes/prometheus-community/prometheus-operator-crds/29.0.0/CATALOG.md;recipes/prometheus-community/prometheus-operator-crds/29.0.0/helm-pain-report.yaml,add at least one user-shaped variant before catalog promotion,
user-shaped-variant,4,prometheus-community/prometheus-pushgateway,3.6.0,prometheus-community/prometheus-pushgateway@3.6.0,needs-useful-variant,88,local-kubernetes-live,default,-,tpl;stateful-storage,f,scan and production disposition,design one realistic base variant a Helm user would actually choose,a realistic named base variant exists and the chart moves to promotion or limitation review,recipes/prometheus-community/prometheus-pushgateway/3.6.0/revisions/default/r001/variant-revision.yaml;recipes/prometheus-community/prometheus-pushgateway/3.6.0/helm-pain-report.yaml;recipes/prometheus-community/prometheus-pushgateway/3.6.0/control-points.yaml;data/outcome-coverage/feature-outcomes.csv;recipes/prometheus-community/prometheus-pushgateway/3.6.0/control-points.yaml;recipes/prometheus-community/prometheus-pushgateway/3.6.0/value-model.yaml;recipes/prometheus-community/prometheus-pushgateway/3.6.0/helm-plan.yaml;recipes/prometheus-community/prometheus-pushgateway/3.6.0/CATALOG.md;recipes/prometheus-community/prometheus-pushgateway/3.6.0/helm-pain-report.yaml,add at least one user-shaped variant before catalog promotion,
user-shaped-variant,4,rook-release/rook-ceph-cluster,v1.19.5,rook-release/rook-ceph-cluster@v1.19.5,needs-useful-variant,88,local-kubernetes-live,default,-,,f,scan and production disposition,design one realistic base variant a Helm user would actually choose,a realistic named base variant exists and the chart moves to promotion or limitation review,recipes/rook-release/rook-ceph-cluster/v1.19.5/revisions/default/r001/variant-revision.yaml;recipes/rook-release/rook-ceph-cluster/v1.19.5/helm-pain-report.yaml;recipes/rook-release/rook-ceph-cluster/v1.19.5/control-points.yaml;data/outcome-coverage/feature-outcomes.csv;recipes/rook-release/rook-ceph-cluster/v1.19.5/control-points.yaml;recipes/rook-release/rook-ceph-cluster/v1.19.5/value-model.yaml;recipes/rook-release/rook-ceph-cluster/v1.19.5/helm-plan.yaml;recipes/rook-release/rook-ceph-cluster/v1.19.5/CATALOG.md;recipes/rook-release/rook-ceph-cluster/v1.19.5/helm-pain-report.yaml,add at least one user-shaped variant before catalog promotion,
user-shaped-variant,4,rook-release/rook-ceph,v1.19.5,rook-release/rook-ceph@v1.19.5,needs-useful-variant,88,local-kubernetes-live,default,no-crds (template-baked CRDs; no clean chart toggle yet),,f,scan and production disposition,design one realistic base variant a Helm user would actually choose,a realistic named base variant exists and the chart moves to promotion or limitation review,recipes/rook-release/rook-ceph/v1.19.5/revisions/default/r001/variant-revision.yaml;recipes/rook-release/rook-ceph/v1.19.5/helm-pain-report.yaml;recipes/rook-release/rook-ceph/v1.19.5/control-points.yaml;data/outcome-coverage/feature-outcomes.csv;recipes/rook-release/rook-ceph/v1.19.5/control-points.yaml;recipes/rook-release/rook-ceph/v1.19.5/value-model.yaml;recipes/rook-release/rook-ceph/v1.19.5/helm-plan.yaml;recipes/rook-release/rook-ceph/v1.19.5/CATALOG.md;recipes/rook-release/rook-ceph/v1.19.5/helm-pain-report.yaml,add at least one user-shaped variant before catalog promotion,
user-shaped-variant,4,runix/pgadmin4,1.62.0,runix/pgadmin4@1.62.0,needs-useful-variant,88,local-kubernetes-live,default,-,tpl;capabilities;stateful-storage,f,scan and production disposition,design one realistic base variant a Helm user would actually choose,a realistic named base variant exists and the chart moves to promotion or limitation review,recipes/runix/pgadmin4/1.62.0/revisions/default/r001/variant-revision.yaml;recipes/runix/pgadmin4/1.62.0/helm-pain-report.yaml;recipes/runix/pgadmin4/1.62.0/control-points.yaml;data/outcome-coverage/feature-outcomes.csv;recipes/runix/pgadmin4/1.62.0/control-points.yaml;recipes/runix/pgadmin4/1.62.0/value-model.yaml;recipes/runix/pgadmin4/1.62.0/helm-plan.yaml;recipes/runix/pgadmin4/1.62.0/CATALOG.md;recipes/runix/pgadmin4/1.62.0/helm-pain-report.yaml,add at least one user-shaped variant before catalog promotion,
user-shaped-variant,4,vm/victoria-logs-single,0.12.5,vm/victoria-logs-single@0.12.5,needs-useful-variant,88,local-kubernetes-live,default,-,,f,scan and production disposition,design one realistic base variant a Helm user would actually choose,a realistic named base variant exists and the chart moves to promotion or limitation review,recipes/vm/victoria-logs-single/0.12.5/revisions/default/r001/variant-revision.yaml;recipes/vm/victoria-logs-single/0.12.5/helm-pain-report.yaml;recipes/vm/victoria-logs-single/0.12.5/control-points.yaml;data/outcome-coverage/feature-outcomes.csv;recipes/vm/victoria-logs-single/0.12.5/control-points.yaml;recipes/vm/victoria-logs-single/0.12.5/value-model.yaml;recipes/vm/victoria-logs-single/0.12.5/helm-plan.yaml;recipes/vm/victoria-logs-single/0.12.5/CATALOG.md;recipes/vm/victoria-logs-single/0.12.5/helm-pain-report.yaml,add at least one user-shaped variant before catalog promotion,
review,5,prometheus-community/prometheus-adapter,5.3.0,prometheus-community/prometheus-adapter@5.3.0,not-ready,88,local-kubernetes-live,default;apiservice-v1-capability;cluster-metrics-readonly,-,tpl;capabilities;cluster-rbac,f,scan and production disposition,review row and choose the next evidence lane,the row has a concrete next action and evidence path,recipes/prometheus-community/prometheus-adapter/5.3.0/revisions/apiservice-v1-capability/r001/variant-revision.yaml;recipes/prometheus-community/prometheus-adapter/5.3.0/helm-pain-report.yaml;recipes/prometheus-community/prometheus-adapter/5.3.0/control-points.yaml;data/outcome-coverage/feature-outcomes.csv;recipes/prometheus-community/prometheus-adapter/5.3.0/control-points.yaml;recipes/prometheus-community/prometheus-adapter/5.3.0/value-model.yaml;recipes/prometheus-community/prometheus-adapter/5.3.0/helm-plan.yaml;recipes/prometheus-community/prometheus-adapter/5.3.0/CATALOG.md;recipes/prometheus-community/prometheus-adapter/5.3.0/helm-pain-report.yaml,"Run ConfigHub proof, local live, live Helm-vs-ConfigHub parity, and the APIService runtime contract for the maintained apiservice-v1-capability base before catalog promotion.",
