proof_surface_rank,chart,answer,plain_english,first_action,recommended_base_or_variant,command_or_file,strongest_evidence,render_parity,live_summary,first_promotion_wave,promotion_wave_first_step,promotion_wave_gaps,hard_gap,production_note,catalog_path,helm_pain_report
1,argo-cd/argo-cd@9.5.15,yes-public-catalog,"Use the public catalog entry, then check the exact base and lane before making a production claim.","Open the per-chart CATALOG.md, choose the recommended base, and run the cub installer setup command.",default,cub installer setup --pull oci://europe-west1-docker.pkg.dev/nth-fort-499605-q5/helm-expt/argo-cd-argo-cd:9.5.15 --base default --work-dir <tmp> --non-interactive --namespace argocd,live-helm-vs-confighub-parity,2/2,local:1/2 gitops:2/2 live-parity:2/2 two-cluster:1/2,no,-,-,ha (curated proof lane - bespoke teaching needed),Production support is target-scoped. Use production support decisions before claiming production readiness.,recipes/argo-cd/argo-cd/9.5.15/CATALOG.md,recipes/argo-cd/argo-cd/9.5.15/helm-pain-report.yaml
2,bitnami/mongodb@19.0.7,yes-public-catalog,"Use the public catalog entry, then check the exact base and lane before making a production claim.","Open the per-chart CATALOG.md, choose the recommended base, and run the cub installer setup command.",existing-secret-replicaset (render-only),cub installer setup --pull oci://europe-west1-docker.pkg.dev/nth-fort-499605-q5/helm-expt/bitnami-mongodb:19.0.7 --base existing-secret-replicaset --work-dir <tmp> --non-interactive --namespace mongodb,live-helm-vs-confighub-parity,2/2,local:2/2 gitops:2/2 live-parity:2/2 two-cluster:0/2,no,-,-,-,Production support is target-scoped. Use production support decisions before claiming production readiness.,recipes/bitnami/mongodb/19.0.7/CATALOG.md,recipes/bitnami/mongodb/19.0.7/helm-pain-report.yaml
3,bitnami/mysql@14.0.3,yes-public-catalog,"Use the public catalog entry, then check the exact base and lane before making a production claim.","Open the per-chart CATALOG.md, choose the recommended base, and run the cub installer setup command.",existing-secret,cub installer setup --pull oci://europe-west1-docker.pkg.dev/nth-fort-499605-q5/helm-expt/bitnami-mysql:14.0.3 --base existing-secret --work-dir <tmp> --non-interactive --namespace mysql,live-helm-vs-confighub-parity,2/2,local:2/2 gitops:2/2 live-parity:2/2 two-cluster:2/2,no,-,-,ha (curated proof lane - bespoke teaching needed),Production support is target-scoped. Use production support decisions before claiming production readiness.,recipes/bitnami/mysql/14.0.3/CATALOG.md,recipes/bitnami/mysql/14.0.3/helm-pain-report.yaml
4,bitnami/nginx@24.0.2,yes-public-catalog,"Use the public catalog entry, then check the exact base and lane before making a production claim.","Open the per-chart CATALOG.md, choose the recommended base, and run the cub installer setup command.",http-clusterip (render-only),cub installer setup --pull oci://europe-west1-docker.pkg.dev/nth-fort-499605-q5/helm-expt/bitnami-nginx:24.0.2 --base http-clusterip --work-dir <tmp> --non-interactive --namespace nginx,live-helm-vs-confighub-parity,2/2,local:2/2 gitops:2/2 live-parity:2/2 two-cluster:0/2,no,-,-,existing-secret (chart ships no Secret toggle),Production support is target-scoped. Use production support decisions before claiming production readiness.,recipes/bitnami/nginx/24.0.2/CATALOG.md,recipes/bitnami/nginx/24.0.2/helm-pain-report.yaml
5,bitnami/postgresql@18.6.7,yes-public-catalog,"Use the public catalog entry, then check the exact base and lane before making a production claim.","Open the per-chart CATALOG.md, choose the recommended base, and run the cub installer setup command.",existing-secret (render-only),cub installer setup --pull oci://europe-west1-docker.pkg.dev/nth-fort-499605-q5/helm-expt/bitnami-postgresql:18.6.7 --base existing-secret --work-dir <tmp> --non-interactive --namespace postgresql,live-helm-vs-confighub-parity,2/2,local:2/2 gitops:2/2 live-parity:2/2 two-cluster:0/2,no,-,-,ha (curated proof lane - bespoke teaching needed),Production support is target-scoped. Use production support decisions before claiming production readiness.,recipes/bitnami/postgresql/18.6.7/CATALOG.md,recipes/bitnami/postgresql/18.6.7/helm-pain-report.yaml
6,bitnami/rabbitmq@16.0.14,yes-public-catalog,"Use the public catalog entry, then check the exact base and lane before making a production claim.","Open the per-chart CATALOG.md, choose the recommended base, and run the cub installer setup command.",existing-secret,cub installer setup --pull oci://europe-west1-docker.pkg.dev/nth-fort-499605-q5/helm-expt/bitnami-rabbitmq:16.0.14 --base existing-secret --work-dir <tmp> --non-interactive --namespace rabbitmq,live-helm-vs-confighub-parity,2/2,local:2/2 gitops:2/2 live-parity:2/2 two-cluster:2/2,no,-,-,ha (curated proof lane - bespoke teaching needed),Production support is target-scoped. Use production support decisions before claiming production readiness.,recipes/bitnami/rabbitmq/16.0.14/CATALOG.md,recipes/bitnami/rabbitmq/16.0.14/helm-pain-report.yaml
7,bitnami/redis@25.5.3,yes-public-catalog,"Use the public catalog entry, then check the exact base and lane before making a production claim.","Open the per-chart CATALOG.md, choose the recommended base, and run the cub installer setup command.",reuse-existing-secret (render-only),cub installer setup --pull oci://europe-west1-docker.pkg.dev/nth-fort-499605-q5/helm-expt/bitnami-redis:25.5.3 --base reuse-existing-secret --work-dir <tmp> --non-interactive --namespace redis,live-helm-vs-confighub-parity,2/2,local:2/2 gitops:2/2 live-parity:2/2 two-cluster:0/2,no,-,-,-,Production support is target-scoped. Use production support decisions before claiming production readiness.,recipes/bitnami/redis/25.5.3/CATALOG.md,recipes/bitnami/redis/25.5.3/helm-pain-report.yaml
8,external-secrets/external-secrets@2.5.0,yes-public-catalog,"Use the public catalog entry, then check the exact base and lane before making a production claim.","Open the per-chart CATALOG.md, choose the recommended base, and run the cub installer setup command.",default,cub installer setup --pull oci://europe-west1-docker.pkg.dev/nth-fort-499605-q5/helm-expt/external-secrets-external-secrets:2.5.0 --base default --work-dir <tmp> --non-interactive --namespace external-secrets,live-helm-vs-confighub-parity,2/2,local:2/2 gitops:2/2 live-parity:2/2 two-cluster:2/2,no,-,-,-,Production support is target-scoped. Use production support decisions before claiming production readiness.,recipes/external-secrets/external-secrets/2.5.0/CATALOG.md,recipes/external-secrets/external-secrets/2.5.0/helm-pain-report.yaml
9,grafana/grafana@10.5.15,yes-public-catalog,"Use the public catalog entry, then check the exact base and lane before making a production claim.","Open the per-chart CATALOG.md, choose the recommended base, and run the cub installer setup command.",existing-secret-ingress,cub installer setup --pull oci://europe-west1-docker.pkg.dev/nth-fort-499605-q5/helm-expt/grafana-grafana:10.5.15 --base existing-secret-ingress --work-dir <tmp> --non-interactive --namespace grafana,live-helm-vs-confighub-parity,2/2,local:2/2 gitops:2/2 live-parity:2/2 two-cluster:2/2,no,-,-,-,Production support is target-scoped. Use production support decisions before claiming production readiness.,recipes/grafana/grafana/10.5.15/CATALOG.md,recipes/grafana/grafana/10.5.15/helm-pain-report.yaml
10,grafana/loki@7.0.0,yes-public-catalog,"Use the public catalog entry, then check the exact base and lane before making a production claim.","Open the per-chart CATALOG.md, choose the recommended base, and run the cub installer setup command.",single-binary-filesystem,cub installer setup --pull oci://europe-west1-docker.pkg.dev/nth-fort-499605-q5/helm-expt/grafana-loki:7.0.0 --base single-binary-filesystem --work-dir <tmp> --non-interactive --namespace loki,live-helm-vs-confighub-parity,2/2,local:2/2 gitops:2/2 live-parity:2/2 two-cluster:2/2,no,-,-,-,Production support is target-scoped. Use production support decisions before claiming production readiness.,recipes/grafana/loki/7.0.0/CATALOG.md,recipes/grafana/loki/7.0.0/helm-pain-report.yaml
11,grafana/tempo@1.24.4,yes-public-catalog,"Use the public catalog entry, then check the exact base and lane before making a production claim.","Open the per-chart CATALOG.md, choose the recommended base, and run the cub installer setup command.",local-persistent,cub installer setup --pull oci://europe-west1-docker.pkg.dev/nth-fort-499605-q5/helm-expt/grafana-tempo:1.24.4 --base local-persistent --work-dir <tmp> --non-interactive --namespace tempo,live-helm-vs-confighub-parity,2/2,local:1/2 gitops:1/2 live-parity:1/2 two-cluster:2/2,no,-,-,ha (tempo single-binary chart; HA is the separate tempo-distributed chart),Production support is target-scoped. Use production support decisions before claiming production readiness.,recipes/grafana/tempo/1.24.4/CATALOG.md,recipes/grafana/tempo/1.24.4/helm-pain-report.yaml
12,hashicorp/consul@2.0.0,yes-public-catalog,"Use the public catalog entry, then check the exact base and lane before making a production claim.","Open the per-chart CATALOG.md, choose the recommended base, and run the cub installer setup command.",default-control-plane,cub installer setup --pull oci://europe-west1-docker.pkg.dev/nth-fort-499605-q5/helm-expt/hashicorp-consul:2.0.0 --base default-control-plane --work-dir <tmp> --non-interactive --namespace consul,live-helm-vs-confighub-parity,2/2,local:1/2 gitops:1/2 live-parity:1/2 two-cluster:2/2,no,-,-,ha (curated proof lane - bespoke teaching needed),Production support is target-scoped. Use production support decisions before claiming production readiness.,recipes/hashicorp/consul/2.0.0/CATALOG.md,recipes/hashicorp/consul/2.0.0/helm-pain-report.yaml
13,hashicorp/vault@0.32.0,yes-public-catalog,"Use the public catalog entry, then check the exact base and lane before making a production claim.","Open the per-chart CATALOG.md, choose the recommended base, and run the cub installer setup command.",default,cub installer setup --pull oci://europe-west1-docker.pkg.dev/nth-fort-499605-q5/helm-expt/hashicorp-vault:0.32.0 --base default --work-dir <tmp> --non-interactive --namespace vault,live-helm-vs-confighub-parity,3/3,local:2/3 gitops:2/3 live-parity:2/3 two-cluster:3/3,no,-,-,-,Production support is target-scoped. Use production support decisions before claiming production readiness.,recipes/hashicorp/vault/0.32.0/CATALOG.md,recipes/hashicorp/vault/0.32.0/helm-pain-report.yaml
14,ingress-nginx/ingress-nginx@4.15.1,yes-public-catalog,"Use the public catalog entry, then check the exact base and lane before making a production claim.","Open the per-chart CATALOG.md, choose the recommended base, and run the cub installer setup command.",internal-clusterip,cub installer setup --pull oci://europe-west1-docker.pkg.dev/nth-fort-499605-q5/helm-expt/ingress-nginx-ingress-nginx:4.15.1 --base internal-clusterip --work-dir <tmp> --non-interactive --namespace ingress-nginx,live-helm-vs-confighub-parity,3/3,local:3/3 gitops:3/3 live-parity:3/3 two-cluster:3/3,no,-,-,-,Production support is target-scoped. Use production support decisions before claiming production readiness.,recipes/ingress-nginx/ingress-nginx/4.15.1/CATALOG.md,recipes/ingress-nginx/ingress-nginx/4.15.1/helm-pain-report.yaml
15,jetstack/cert-manager@v1.20.2,yes-public-catalog,"Use the public catalog entry, then check the exact base and lane before making a production claim.","Open the per-chart CATALOG.md, choose the recommended base, and run the cub installer setup command.",crds-enabled,cub installer setup --pull oci://europe-west1-docker.pkg.dev/nth-fort-499605-q5/helm-expt/jetstack-cert-manager:v1.20.2 --base crds-enabled --work-dir <tmp> --non-interactive --namespace cert-manager,live-helm-vs-confighub-parity,2/2,local:2/2 gitops:2/2 live-parity:2/2 two-cluster:2/2,no,-,-,-,Production support is target-scoped. Use production support decisions before claiming production readiness.,recipes/jetstack/cert-manager/v1.20.2/CATALOG.md,recipes/jetstack/cert-manager/v1.20.2/helm-pain-report.yaml
16,longhorn/longhorn@1.11.2,yes-public-catalog,"Use the public catalog entry, then check the exact base and lane before making a production claim.","Open the per-chart CATALOG.md, choose the recommended base, and run the cub installer setup command.",default,cub installer setup --pull oci://europe-west1-docker.pkg.dev/nth-fort-499605-q5/helm-expt/longhorn-longhorn:1.11.2 --base default --work-dir <tmp> --non-interactive --namespace longhorn-system,live-helm-vs-confighub-parity,2/2,local:2/2 gitops:2/2 live-parity:2/2 two-cluster:2/2,no,-,-,-,Production support is target-scoped. Use production support decisions before claiming production readiness.,recipes/longhorn/longhorn/1.11.2/CATALOG.md,recipes/longhorn/longhorn/1.11.2/helm-pain-report.yaml
17,metrics-server/metrics-server@3.13.0,yes-public-catalog,"Use the public catalog entry, then check the exact base and lane before making a production claim.","Open the per-chart CATALOG.md, choose the recommended base, and run the cub installer setup command.",default,cub installer setup --pull oci://europe-west1-docker.pkg.dev/nth-fort-499605-q5/helm-expt/metrics-server-metrics-server:3.13.0 --base default --work-dir <tmp> --non-interactive --namespace kube-system,live-helm-vs-confighub-parity,2/2,local:2/2 gitops:2/2 live-parity:2/2 two-cluster:2/2,no,-,-,existing-secret (chart ships no Secret toggle),Production support is target-scoped. Use production support decisions before claiming production readiness.,recipes/metrics-server/metrics-server/3.13.0/CATALOG.md,recipes/metrics-server/metrics-server/3.13.0/helm-pain-report.yaml
18,prometheus-community/kube-prometheus-stack@85.3.3,yes-public-catalog,"Use the public catalog entry, then check the exact base and lane before making a production claim.","Open the per-chart CATALOG.md, choose the recommended base, and run the cub installer setup command.",default (render-only),cub installer setup --pull oci://europe-west1-docker.pkg.dev/nth-fort-499605-q5/helm-expt/prometheus-community-kube-prometheus-stack:85.3.3 --base default --work-dir <tmp> --non-interactive --namespace monitoring,live-helm-vs-confighub-parity,2/2,local:2/2 gitops:2/2 live-parity:2/2 two-cluster:0/2,no,-,-,-,Production support is target-scoped. Use production support decisions before claiming production readiness.,recipes/prometheus-community/kube-prometheus-stack/85.3.3/CATALOG.md,recipes/prometheus-community/kube-prometheus-stack/85.3.3/helm-pain-report.yaml
19,prometheus-community/prometheus@29.8.0,yes-public-catalog,"Use the public catalog entry, then check the exact base and lane before making a production claim.","Open the per-chart CATALOG.md, choose the recommended base, and run the cub installer setup command.",server-only-ephemeral (render-only),cub installer setup --pull oci://europe-west1-docker.pkg.dev/nth-fort-499605-q5/helm-expt/prometheus-community-prometheus:29.8.0 --base server-only-ephemeral --work-dir <tmp> --non-interactive --namespace monitoring,live-helm-vs-confighub-parity,2/2,local:2/2 gitops:2/2 live-parity:2/2 two-cluster:0/2,no,-,-,ha (curated proof lane - bespoke teaching needed),Production support is target-scoped. Use production support decisions before claiming production readiness.,recipes/prometheus-community/prometheus/29.8.0/CATALOG.md,recipes/prometheus-community/prometheus/29.8.0/helm-pain-report.yaml
20,secrets-store-csi-driver/secrets-store-csi-driver@1.6.0,yes-public-catalog,"Use the public catalog entry, then check the exact base and lane before making a production claim.","Open the per-chart CATALOG.md, choose the recommended base, and run the cub installer setup command.",default,cub installer setup --pull oci://europe-west1-docker.pkg.dev/nth-fort-499605-q5/helm-expt/secrets-store-csi-driver-secrets-store-csi-driver:1.6.0 --base default --work-dir <tmp> --non-interactive --namespace kube-system,live-helm-vs-confighub-parity,2/2,local:2/2 gitops:2/2 live-parity:2/2 two-cluster:2/2,no,-,-,-,Production support is target-scoped. Use production support decisions before claiming production readiness.,recipes/secrets-store-csi-driver/secrets-store-csi-driver/1.6.0/CATALOG.md,recipes/secrets-store-csi-driver/secrets-store-csi-driver/1.6.0/helm-pain-report.yaml
21,traefik/traefik@40.2.0,not-yet-public-catalog-proof-ready,"The recipe/package proof exists and useful variants exist, but this chart has not been promoted into the public catalog.",Run catalog promotion review and add selected live lanes for the base a user would actually try.,default,recipes/traefik/traefik/40.2.0/CATALOG.md,live-helm-vs-confighub-parity,2/2,local:2/2 gitops:1/2 live-parity:1/2 two-cluster:1/2,yes,"review the existing variants, then write production disposition or support-decision artifacts before changing catalog status",human review needed: confirm variants are the obvious Helm-user paths; medium scan findings require review or waiver before production support; install gate warns; production support requires documented disposition or acceptance; CRD lifecycle policy must be catalog-readable,-,Do not present as a catalog-supported chart until promotion review and support decisions are recorded.,recipes/traefik/traefik/40.2.0/CATALOG.md,recipes/traefik/traefik/40.2.0/helm-pain-report.yaml
22,external-dns/external-dns@1.21.1,not-yet-public-catalog-proof-ready,"The recipe/package proof exists and useful variants exist, but this chart has not been promoted into the public catalog.",Run catalog promotion review and add selected live lanes for the base a user would actually try.,default,recipes/external-dns/external-dns/1.21.1/CATALOG.md,live-helm-vs-confighub-parity,3/3,local:3/3 gitops:3/3 live-parity:3/3 two-cluster:3/3,yes,"review the existing variants, then write production disposition or support-decision artifacts before changing catalog status",human review needed: confirm variants are the obvious Helm-user paths; medium scan findings require review or waiver before production support; install gate warns; production support requires documented disposition or acceptance; CRD lifecycle policy must be catalog-readable,-,Do not present as a catalog-supported chart until promotion review and support decisions are recorded.,recipes/external-dns/external-dns/1.21.1/CATALOG.md,recipes/external-dns/external-dns/1.21.1/helm-pain-report.yaml
23,gitlab/gitlab-runner@0.89.0,not-yet-user-ready,"The mechanism works, but the current base is too default-shaped to be a good user offer.",Design at least one useful base variant before catalog promotion.,default,recipes/gitlab/gitlab-runner/0.89.0/CATALOG.md,in-confighub-proof,1/1,local:0/1 gitops:0/1 live-parity:0/1 two-cluster:0/1,no,-,-,-,"Render parity alone is useful evidence, not a production or catalog recommendation.",recipes/gitlab/gitlab-runner/0.89.0/CATALOG.md,recipes/gitlab/gitlab-runner/0.89.0/helm-pain-report.yaml
24,kyverno/kyverno@3.8.1,not-yet-public-catalog-proof-ready,"The recipe/package proof exists and useful variants exist, but this chart has not been promoted into the public catalog.",Run catalog promotion review and add selected live lanes for the base a user would actually try.,default,recipes/kyverno/kyverno/3.8.1/CATALOG.md,live-helm-vs-confighub-parity,2/2,local:2/2 gitops:2/2 live-parity:2/2 two-cluster:2/2,yes,"review the existing variants, then write production disposition or support-decision artifacts before changing catalog status",human review needed: confirm variants are the obvious Helm-user paths; medium scan findings require review or waiver before production support; install gate warns; production support requires documented disposition or acceptance; CRD lifecycle policy must be catalog-readable,-,Do not present as a catalog-supported chart until promotion review and support decisions are recorded.,recipes/kyverno/kyverno/3.8.1/CATALOG.md,recipes/kyverno/kyverno/3.8.1/helm-pain-report.yaml
25,cloudnative-pg/cloudnative-pg@0.28.2,not-yet-public-catalog-proof-ready,"The recipe/package proof exists and useful variants exist, but this chart has not been promoted into the public catalog.",Run catalog promotion review and add selected live lanes for the base a user would actually try.,default,recipes/cloudnative-pg/cloudnative-pg/0.28.2/CATALOG.md,live-helm-vs-confighub-parity,2/2,local:1/2 gitops:2/2 live-parity:2/2 two-cluster:2/2,yes,"review the existing variants, then write production disposition or support-decision artifacts before changing catalog status",human review needed: confirm variants are the obvious Helm-user paths; medium scan findings require review or waiver before production support; install gate warns; production support requires documented disposition or acceptance; CRD lifecycle policy must be catalog-readable; webhook readiness/observation policy must be catalog-readable,-,Do not present as a catalog-supported chart until promotion review and support decisions are recorded.,recipes/cloudnative-pg/cloudnative-pg/0.28.2/CATALOG.md,recipes/cloudnative-pg/cloudnative-pg/0.28.2/helm-pain-report.yaml
26,fluent/fluent-bit@0.57.6,not-yet-user-ready,"The mechanism works, but the current base is too default-shaped to be a good user offer.",Design at least one useful base variant before catalog promotion.,default,recipes/fluent/fluent-bit/0.57.6/CATALOG.md,live-helm-vs-confighub-parity,1/1,local:1/1 gitops:1/1 live-parity:1/1 two-cluster:1/1,no,-,-,-,"Render parity alone is useful evidence, not a production or catalog recommendation.",recipes/fluent/fluent-bit/0.57.6/CATALOG.md,recipes/fluent/fluent-bit/0.57.6/helm-pain-report.yaml
27,runix/pgadmin4@1.62.0,not-yet-user-ready,"The mechanism works, but the current base is too default-shaped to be a good user offer.",Design at least one useful base variant before catalog promotion.,default,recipes/runix/pgadmin4/1.62.0/CATALOG.md,live-helm-vs-confighub-parity,1/1,local:1/1 gitops:1/1 live-parity:1/1 two-cluster:1/1,no,-,-,-,"Render parity alone is useful evidence, not a production or catalog recommendation.",recipes/runix/pgadmin4/1.62.0/CATALOG.md,recipes/runix/pgadmin4/1.62.0/helm-pain-report.yaml
28,nfs-subdir-external-provisioner/nfs-subdir-external-provisioner@4.0.18,not-yet-user-ready,"The mechanism works, but the current base is too default-shaped to be a good user offer.",Design at least one useful base variant before catalog promotion.,default,recipes/nfs-subdir-external-provisioner/nfs-subdir-external-provisioner/4.0.18/CATALOG.md,in-confighub-proof,1/1,local:0/1 gitops:0/1 live-parity:0/1 two-cluster:0/1,no,-,-,-,"Render parity alone is useful evidence, not a production or catalog recommendation.",recipes/nfs-subdir-external-provisioner/nfs-subdir-external-provisioner/4.0.18/CATALOG.md,recipes/nfs-subdir-external-provisioner/nfs-subdir-external-provisioner/4.0.18/helm-pain-report.yaml
29,kedacore/keda@2.19.0,not-yet-public-catalog-proof-ready,"The recipe/package proof exists and useful variants exist, but this chart has not been promoted into the public catalog.",Run catalog promotion review and add selected live lanes for the base a user would actually try.,default,recipes/kedacore/keda/2.19.0/CATALOG.md,live-helm-vs-confighub-parity,2/2,local:2/2 gitops:2/2 live-parity:2/2 two-cluster:2/2,yes,"review the existing variants, then write production disposition or support-decision artifacts before changing catalog status",human review needed: confirm variants are the obvious Helm-user paths; medium scan findings require review or waiver before production support; install gate warns; production support requires documented disposition or acceptance; CRD lifecycle policy must be catalog-readable; webhook readiness/observation policy must be catalog-readable,-,Do not present as a catalog-supported chart until promotion review and support decisions are recorded.,recipes/kedacore/keda/2.19.0/CATALOG.md,recipes/kedacore/keda/2.19.0/helm-pain-report.yaml
30,prometheus-community/kube-state-metrics@7.4.0,not-yet-public-catalog-proof-ready,"The recipe/package proof exists and useful variants exist, but this chart has not been promoted into the public catalog.",Run catalog promotion review and add selected live lanes for the base a user would actually try.,default,recipes/prometheus-community/kube-state-metrics/7.4.0/CATALOG.md,live-helm-vs-confighub-parity,2/2,local:2/2 gitops:2/2 live-parity:2/2 two-cluster:2/2,yes,"review the existing variants, then write production disposition or support-decision artifacts before changing catalog status",human review needed: confirm variants are the obvious Helm-user paths; medium scan findings require review or waiver before production support; install gate warns; production support requires documented disposition or acceptance,-,Do not present as a catalog-supported chart until promotion review and support decisions are recorded.,recipes/prometheus-community/kube-state-metrics/7.4.0/CATALOG.md,recipes/prometheus-community/kube-state-metrics/7.4.0/helm-pain-report.yaml
31,elastic/eck-operator@3.4.0,not-yet-public-catalog-proof-ready,"The recipe/package proof exists and useful variants exist, but this chart has not been promoted into the public catalog.",Run catalog promotion review and add selected live lanes for the base a user would actually try.,default,recipes/elastic/eck-operator/3.4.0/CATALOG.md,live-helm-vs-confighub-parity,3/3,local:3/3 gitops:3/3 live-parity:3/3 two-cluster:3/3,yes,"review the existing variants, then write production disposition or support-decision artifacts before changing catalog status",human review needed: confirm variants are the obvious Helm-user paths; medium scan findings require review or waiver before production support; install gate warns; production support requires documented disposition or acceptance; CRD lifecycle policy must be catalog-readable; webhook readiness/observation policy must be catalog-readable; stateful storage and rollback policy must be catalog-readable,-,Do not present as a catalog-supported chart until promotion review and support decisions are recorded.,recipes/elastic/eck-operator/3.4.0/CATALOG.md,recipes/elastic/eck-operator/3.4.0/helm-pain-report.yaml
32,elastic/kibana@8.5.1,not-yet-user-ready,"The mechanism works, but the current base is too default-shaped to be a good user offer.",Design at least one useful base variant before catalog promotion.,default,recipes/elastic/kibana/8.5.1/CATALOG.md,in-confighub-proof,1/1,local:0/1 gitops:0/1 live-parity:0/1 two-cluster:0/1,no,-,-,-,"Render parity alone is useful evidence, not a production or catalog recommendation.",recipes/elastic/kibana/8.5.1/CATALOG.md,recipes/elastic/kibana/8.5.1/helm-pain-report.yaml
33,descheduler/descheduler@0.36.0,not-yet-user-ready,"The mechanism works, but the current base is too default-shaped to be a good user offer.",Design at least one useful base variant before catalog promotion.,default,recipes/descheduler/descheduler/0.36.0/CATALOG.md,live-helm-vs-confighub-parity,1/1,local:1/1 gitops:1/1 live-parity:1/1 two-cluster:1/1,no,-,-,-,"Render parity alone is useful evidence, not a production or catalog recommendation.",recipes/descheduler/descheduler/0.36.0/CATALOG.md,recipes/descheduler/descheduler/0.36.0/helm-pain-report.yaml
34,prometheus-community/prometheus-blackbox-exporter@11.10.0,not-yet-public-catalog-proof-ready,"The recipe/package proof exists and useful variants exist, but this chart has not been promoted into the public catalog.",Run catalog promotion review and add selected live lanes for the base a user would actually try.,default,recipes/prometheus-community/prometheus-blackbox-exporter/11.10.0/CATALOG.md,live-helm-vs-confighub-parity,2/2,local:2/2 gitops:2/2 live-parity:2/2 two-cluster:2/2,yes,"review the existing variants, then write production disposition or support-decision artifacts before changing catalog status",human review needed: confirm variants are the obvious Helm-user paths,-,Do not present as a catalog-supported chart until promotion review and support decisions are recorded.,recipes/prometheus-community/prometheus-blackbox-exporter/11.10.0/CATALOG.md,recipes/prometheus-community/prometheus-blackbox-exporter/11.10.0/helm-pain-report.yaml
35,bitnami/elasticsearch@22.1.6,decision-needed-first,A named capability gap affects the recommended path.,"Decide whether to support, disclose, defer, or block the hard gap before promotion.",default,recipes/bitnami/elasticsearch/22.1.6/helm-pain-report.yaml,local-kubernetes-live,3/3,local:1/3 gitops:0/3 live-parity:0/3 two-cluster:0/3,no,-,-,existing-secret (chart ships no Secret toggle),Resolve the named gap first: existing-secret (chart ships no Secret toggle).,recipes/bitnami/elasticsearch/22.1.6/CATALOG.md,recipes/bitnami/elasticsearch/22.1.6/helm-pain-report.yaml
36,stakater/reloader@2.2.12,not-yet-public-catalog-proof-ready,"The recipe/package proof exists and useful variants exist, but this chart has not been promoted into the public catalog.",Run catalog promotion review and add selected live lanes for the base a user would actually try.,default,recipes/stakater/reloader/2.2.12/CATALOG.md,live-helm-vs-confighub-parity,2/2,local:2/2 gitops:2/2 live-parity:2/2 two-cluster:2/2,yes,"review the existing variants, then write production disposition or support-decision artifacts before changing catalog status",human review needed: confirm variants are the obvious Helm-user paths; medium scan findings require review or waiver before production support; install gate warns; production support requires documented disposition or acceptance,-,Do not present as a catalog-supported chart until promotion review and support decisions are recorded.,recipes/stakater/reloader/2.2.12/CATALOG.md,recipes/stakater/reloader/2.2.12/helm-pain-report.yaml
37,jaegertracing/jaeger@4.8.0,not-yet-user-ready,"The mechanism works, but the current base is too default-shaped to be a good user offer.",Design at least one useful base variant before catalog promotion.,default,recipes/jaegertracing/jaeger/4.8.0/CATALOG.md,live-helm-vs-confighub-parity,1/1,local:1/1 gitops:1/1 live-parity:1/1 two-cluster:1/1,no,-,-,existing-secret (chart ships no Secret toggle),"Render parity alone is useful evidence, not a production or catalog recommendation.",recipes/jaegertracing/jaeger/4.8.0/CATALOG.md,recipes/jaegertracing/jaeger/4.8.0/helm-pain-report.yaml
38,grafana/alloy@1.8.2,not-yet-public-catalog-proof-ready,"The recipe/package proof exists and useful variants exist, but this chart has not been promoted into the public catalog.",Run catalog promotion review and add selected live lanes for the base a user would actually try.,default,recipes/grafana/alloy/1.8.2/CATALOG.md,live-helm-vs-confighub-parity,2/2,local:2/2 gitops:2/2 live-parity:2/2 two-cluster:2/2,yes,"review the existing variants, then write production disposition or support-decision artifacts before changing catalog status",human review needed: confirm variants are the obvious Helm-user paths; medium scan findings require review or waiver before production support; install gate warns; production support requires documented disposition or acceptance; CRD lifecycle policy must be catalog-readable,-,Do not present as a catalog-supported chart until promotion review and support decisions are recorded.,recipes/grafana/alloy/1.8.2/CATALOG.md,recipes/grafana/alloy/1.8.2/helm-pain-report.yaml
39,nats/nats@2.14.0,not-yet-public-catalog-proof-ready,"The recipe/package proof exists and useful variants exist, but this chart has not been promoted into the public catalog.",Run catalog promotion review and add selected live lanes for the base a user would actually try.,default,recipes/nats/nats/2.14.0/CATALOG.md,live-helm-vs-confighub-parity,2/2,local:2/2 gitops:2/2 live-parity:2/2 two-cluster:1/2,yes,"review the existing variants, then write production disposition or support-decision artifacts before changing catalog status",human review needed: confirm variants are the obvious Helm-user paths; medium scan findings require review or waiver before production support; install gate warns; production support requires documented disposition or acceptance; stateful storage and rollback policy must be catalog-readable,-,Do not present as a catalog-supported chart until promotion review and support decisions are recorded.,recipes/nats/nats/2.14.0/CATALOG.md,recipes/nats/nats/2.14.0/helm-pain-report.yaml
40,dex/dex@0.24.0,not-yet-user-ready,"The mechanism works, but the current base is too default-shaped to be a good user offer.",Design at least one useful base variant before catalog promotion.,default,recipes/dex/dex/0.24.0/CATALOG.md,in-confighub-proof,1/1,local:0/1 gitops:0/1 live-parity:0/1 two-cluster:0/1,no,-,-,-,"Render parity alone is useful evidence, not a production or catalog recommendation.",recipes/dex/dex/0.24.0/CATALOG.md,recipes/dex/dex/0.24.0/helm-pain-report.yaml
41,prometheus-community/alertmanager@1.37.0,not-yet-public-catalog-proof-ready,"The recipe/package proof exists and useful variants exist, but this chart has not been promoted into the public catalog.",Run catalog promotion review and add selected live lanes for the base a user would actually try.,default,recipes/prometheus-community/alertmanager/1.37.0/CATALOG.md,live-helm-vs-confighub-parity,2/2,local:2/2 gitops:2/2 live-parity:2/2 two-cluster:2/2,yes,"review the existing variants, then write production disposition or support-decision artifacts before changing catalog status",human review needed: confirm variants are the obvious Helm-user paths; stateful storage and rollback policy must be catalog-readable,-,Do not present as a catalog-supported chart until promotion review and support decisions are recorded.,recipes/prometheus-community/alertmanager/1.37.0/CATALOG.md,recipes/prometheus-community/alertmanager/1.37.0/helm-pain-report.yaml
42,falcosecurity/falco@9.0.0,not-yet-user-ready,"The mechanism works, but the current base is too default-shaped to be a good user offer.",Design at least one useful base variant before catalog promotion.,default,recipes/falcosecurity/falco/9.0.0/CATALOG.md,live-helm-vs-confighub-parity,1/1,local:1/1 gitops:1/1 live-parity:1/1 two-cluster:1/1,no,-,-,-,"Render parity alone is useful evidence, not a production or catalog recommendation.",recipes/falcosecurity/falco/9.0.0/CATALOG.md,recipes/falcosecurity/falco/9.0.0/helm-pain-report.yaml
43,prometheus-community/prometheus-node-exporter@4.55.0,not-yet-public-catalog-proof-ready,"The recipe/package proof exists and useful variants exist, but this chart has not been promoted into the public catalog.",Run catalog promotion review and add selected live lanes for the base a user would actually try.,default,recipes/prometheus-community/prometheus-node-exporter/4.55.0/CATALOG.md,live-helm-vs-confighub-parity,2/2,local:2/2 gitops:2/2 live-parity:2/2 two-cluster:2/2,yes,"review the existing variants, then write production disposition or support-decision artifacts before changing catalog status",human review needed: confirm variants are the obvious Helm-user paths; medium scan findings require review or waiver before production support; install gate warns; production support requires documented disposition or acceptance,-,Do not present as a catalog-supported chart until promotion review and support decisions are recorded.,recipes/prometheus-community/prometheus-node-exporter/4.55.0/CATALOG.md,recipes/prometheus-community/prometheus-node-exporter/4.55.0/helm-pain-report.yaml
44,bitnami/spark@10.0.3,decision-needed-first,A named capability gap affects the recommended path.,"Decide whether to support, disclose, defer, or block the hard gap before promotion.",default,recipes/bitnami/spark/10.0.3/helm-pain-report.yaml,local-kubernetes-live,3/3,local:1/3 gitops:0/3 live-parity:0/3 two-cluster:0/3,no,-,-,existing-secret (chart ships no Secret toggle),Resolve the named gap first: existing-secret (chart ships no Secret toggle).,recipes/bitnami/spark/10.0.3/CATALOG.md,recipes/bitnami/spark/10.0.3/helm-pain-report.yaml
45,elastic/logstash@8.5.1,not-yet-public-catalog-proof-ready,"The recipe/package proof exists and useful variants exist, but this chart has not been promoted into the public catalog.",Run catalog promotion review and add selected live lanes for the base a user would actually try.,default,recipes/elastic/logstash/8.5.1/CATALOG.md,live-helm-vs-confighub-parity,2/2,local:1/2 gitops:2/2 live-parity:2/2 two-cluster:2/2,yes,"review the existing variants, then write production disposition or support-decision artifacts before changing catalog status",human review needed: confirm variants are the obvious Helm-user paths; stateful storage and rollback policy must be catalog-readable,-,Do not present as a catalog-supported chart until promotion review and support decisions are recorded.,recipes/elastic/logstash/8.5.1/CATALOG.md,recipes/elastic/logstash/8.5.1/helm-pain-report.yaml
46,prometheus-community/prometheus-adapter@5.3.0,review-needed,The chart needs manual review before a user-facing recommendation is made.,Open top100 readiness and the chart catalog page.,default,recipes/prometheus-community/prometheus-adapter/5.3.0/CATALOG.md,live-helm-vs-confighub-parity,3/3,local:1/3 gitops:1/3 live-parity:1/3 two-cluster:1/3,no,-,-,-,No production claim.,recipes/prometheus-community/prometheus-adapter/5.3.0/CATALOG.md,recipes/prometheus-community/prometheus-adapter/5.3.0/helm-pain-report.yaml
47,projectcalico/tigera-operator@v3.32.0,not-yet-user-ready,"The mechanism works, but the current base is too default-shaped to be a good user offer.",Design at least one useful base variant before catalog promotion.,default,recipes/projectcalico/tigera-operator/v3.32.0/CATALOG.md,live-helm-vs-confighub-parity,1/1,local:0/1 gitops:1/1 live-parity:1/1 two-cluster:1/1,no,-,-,-,"Render parity alone is useful evidence, not a production or catalog recommendation.",recipes/projectcalico/tigera-operator/v3.32.0/CATALOG.md,recipes/projectcalico/tigera-operator/v3.32.0/helm-pain-report.yaml
48,fairwinds-stable/goldilocks@10.3.0,not-yet-user-ready,"The mechanism works, but the current base is too default-shaped to be a good user offer.",Design at least one useful base variant before catalog promotion.,default,recipes/fairwinds-stable/goldilocks/10.3.0/CATALOG.md,live-helm-vs-confighub-parity,1/1,local:1/1 gitops:1/1 live-parity:1/1 two-cluster:1/1,no,-,-,existing-secret (chart ships no Secret toggle),"Render parity alone is useful evidence, not a production or catalog recommendation.",recipes/fairwinds-stable/goldilocks/10.3.0/CATALOG.md,recipes/fairwinds-stable/goldilocks/10.3.0/helm-pain-report.yaml
49,prometheus-community/prometheus-operator-crds@29.0.0,not-yet-user-ready,"The mechanism works, but the current base is too default-shaped to be a good user offer.",Design at least one useful base variant before catalog promotion.,default,recipes/prometheus-community/prometheus-operator-crds/29.0.0/CATALOG.md,live-helm-vs-confighub-parity,1/1,local:1/1 gitops:1/1 live-parity:1/1 two-cluster:1/1,no,-,-,-,"Render parity alone is useful evidence, not a production or catalog recommendation.",recipes/prometheus-community/prometheus-operator-crds/29.0.0/CATALOG.md,recipes/prometheus-community/prometheus-operator-crds/29.0.0/helm-pain-report.yaml
50,bitnami/zookeeper@13.8.7,decision-needed-first,A named capability gap affects the recommended path.,"Decide whether to support, disclose, defer, or block the hard gap before promotion.",default,recipes/bitnami/zookeeper/13.8.7/helm-pain-report.yaml,local-kubernetes-live,3/3,local:1/3 gitops:0/3 live-parity:0/3 two-cluster:0/3,no,-,-,existing-secret (chart ships no Secret toggle),Resolve the named gap first: existing-secret (chart ships no Secret toggle).,recipes/bitnami/zookeeper/13.8.7/CATALOG.md,recipes/bitnami/zookeeper/13.8.7/helm-pain-report.yaml
51,elastic/filebeat@8.5.1,not-yet-public-catalog-proof-ready,"The recipe/package proof exists and useful variants exist, but this chart has not been promoted into the public catalog.",Run catalog promotion review and add selected live lanes for the base a user would actually try.,default,recipes/elastic/filebeat/8.5.1/CATALOG.md,in-confighub-proof,2/2,local:0/2 gitops:0/2 live-parity:0/2 two-cluster:0/2,no,-,-,-,Do not present as a catalog-supported chart until promotion review and support decisions are recorded.,recipes/elastic/filebeat/8.5.1/CATALOG.md,recipes/elastic/filebeat/8.5.1/helm-pain-report.yaml
52,hashicorp/terraform@1.1.2,not-yet-public-catalog-proof-ready,"The recipe/package proof exists and useful variants exist, but this chart has not been promoted into the public catalog.",Run catalog promotion review and add selected live lanes for the base a user would actually try.,default,recipes/hashicorp/terraform/1.1.2/CATALOG.md,in-confighub-proof,2/2,local:0/2 gitops:0/2 live-parity:0/2 two-cluster:0/2,no,-,-,-,Do not present as a catalog-supported chart until promotion review and support decisions are recorded.,recipes/hashicorp/terraform/1.1.2/CATALOG.md,recipes/hashicorp/terraform/1.1.2/helm-pain-report.yaml
53,coredns/coredns@1.45.2,not-yet-user-ready,"The mechanism works, but the current base is too default-shaped to be a good user offer.",Design at least one useful base variant before catalog promotion.,default,recipes/coredns/coredns/1.45.2/CATALOG.md,live-helm-vs-confighub-parity,1/1,local:1/1 gitops:1/1 live-parity:1/1 two-cluster:1/1,no,-,-,-,"Render parity alone is useful evidence, not a production or catalog recommendation.",recipes/coredns/coredns/1.45.2/CATALOG.md,recipes/coredns/coredns/1.45.2/helm-pain-report.yaml
54,fairwinds-stable/vpa@4.11.0,not-yet-public-catalog-proof-ready,"The recipe/package proof exists and useful variants exist, but this chart has not been promoted into the public catalog.",Run catalog promotion review and add selected live lanes for the base a user would actually try.,default,recipes/fairwinds-stable/vpa/4.11.0/CATALOG.md,live-helm-vs-confighub-parity,2/2,local:2/2 gitops:2/2 live-parity:2/2 two-cluster:2/2,yes,"review the existing variants, then write production disposition or support-decision artifacts before changing catalog status",human review needed: confirm variants are the obvious Helm-user paths; medium scan findings require review or waiver before production support; install gate warns; production support requires documented disposition or acceptance; CRD lifecycle policy must be catalog-readable; webhook readiness/observation policy must be catalog-readable,-,Do not present as a catalog-supported chart until promotion review and support decisions are recorded.,recipes/fairwinds-stable/vpa/4.11.0/CATALOG.md,recipes/fairwinds-stable/vpa/4.11.0/helm-pain-report.yaml
55,bitnami/phpmyadmin@20.0.0,decision-needed-first,A named capability gap affects the recommended path.,"Decide whether to support, disclose, defer, or block the hard gap before promotion.",default,recipes/bitnami/phpmyadmin/20.0.0/helm-pain-report.yaml,local-kubernetes-live,2/2,local:1/2 gitops:0/2 live-parity:0/2 two-cluster:0/2,no,-,-,existing-secret (chart ships no Secret toggle),Resolve the named gap first: existing-secret (chart ships no Secret toggle).,recipes/bitnami/phpmyadmin/20.0.0/CATALOG.md,recipes/bitnami/phpmyadmin/20.0.0/helm-pain-report.yaml
56,karpenter/karpenter@1.14.0,review-needed,The chart needs manual review before a user-facing recommendation is made.,Open top100 readiness and the chart catalog page.,default,recipes/karpenter/karpenter/1.14.0/CATALOG.md,render-parity,3/3,local:0/3 gitops:0/3 live-parity:0/3 two-cluster:0/3,no,-,-,-,No production claim.,recipes/karpenter/karpenter/1.14.0/CATALOG.md,recipes/karpenter/karpenter/1.14.0/helm-pain-report.yaml
57,prometheus-community/prometheus-pushgateway@3.6.0,not-yet-user-ready,"The mechanism works, but the current base is too default-shaped to be a good user offer.",Design at least one useful base variant before catalog promotion.,default,recipes/prometheus-community/prometheus-pushgateway/3.6.0/CATALOG.md,live-helm-vs-confighub-parity,1/1,local:1/1 gitops:1/1 live-parity:1/1 two-cluster:1/1,no,-,-,-,"Render parity alone is useful evidence, not a production or catalog recommendation.",recipes/prometheus-community/prometheus-pushgateway/3.6.0/CATALOG.md,recipes/prometheus-community/prometheus-pushgateway/3.6.0/helm-pain-report.yaml
58,fluent/fluentd@0.5.3,not-yet-user-ready,"The mechanism works, but the current base is too default-shaped to be a good user offer.",Design at least one useful base variant before catalog promotion.,default,recipes/fluent/fluentd/0.5.3/CATALOG.md,two-cluster-kind-parity,1/1,local:1/1 gitops:0/1 live-parity:0/1 two-cluster:1/1,no,-,-,-,"Render parity alone is useful evidence, not a production or catalog recommendation.",recipes/fluent/fluentd/0.5.3/CATALOG.md,recipes/fluent/fluentd/0.5.3/helm-pain-report.yaml
59,jaegertracing/jaeger-operator@2.57.0,not-yet-public-catalog-proof-ready,"The recipe/package proof exists and useful variants exist, but this chart has not been promoted into the public catalog.",Run catalog promotion review and add selected live lanes for the base a user would actually try.,default,recipes/jaegertracing/jaeger-operator/2.57.0/CATALOG.md,live-helm-vs-confighub-parity,2/2,local:1/2 gitops:1/2 live-parity:1/2 two-cluster:0/2,yes,"review the existing variants, then write production disposition or support-decision artifacts before changing catalog status",human review needed: confirm variants are the obvious Helm-user paths; medium scan findings require review or waiver before production support; install gate warns; production support requires documented disposition or acceptance; CRD lifecycle policy must be catalog-readable; webhook readiness/observation policy must be catalog-readable,-,Do not present as a catalog-supported chart until promotion review and support decisions are recorded.,recipes/jaegertracing/jaeger-operator/2.57.0/CATALOG.md,recipes/jaegertracing/jaeger-operator/2.57.0/helm-pain-report.yaml
60,bitnami/memcached@8.5.5,not-yet-user-ready,"The mechanism works, but the current base is too default-shaped to be a good user offer.",Design at least one useful base variant before catalog promotion.,default,recipes/bitnami/memcached/8.5.5/CATALOG.md,live-helm-vs-confighub-parity,1/1,local:1/1 gitops:1/1 live-parity:1/1 two-cluster:1/1,no,-,-,existing-secret (chart ships no Secret toggle),"Render parity alone is useful evidence, not a production or catalog recommendation.",recipes/bitnami/memcached/8.5.5/CATALOG.md,recipes/bitnami/memcached/8.5.5/helm-pain-report.yaml
61,strimzi/strimzi-kafka-operator@1.0.0,not-yet-public-catalog-proof-ready,"The recipe/package proof exists and useful variants exist, but this chart has not been promoted into the public catalog.",Run catalog promotion review and add selected live lanes for the base a user would actually try.,default,recipes/strimzi/strimzi-kafka-operator/1.0.0/CATALOG.md,live-helm-vs-confighub-parity,2/2,local:1/2 gitops:2/2 live-parity:2/2 two-cluster:2/2,yes,"review the existing variants, then write production disposition or support-decision artifacts before changing catalog status",human review needed: confirm variants are the obvious Helm-user paths; medium scan findings require review or waiver before production support; install gate warns; production support requires documented disposition or acceptance; CRD lifecycle policy must be catalog-readable,-,Do not present as a catalog-supported chart until promotion review and support decisions are recorded.,recipes/strimzi/strimzi-kafka-operator/1.0.0/CATALOG.md,recipes/strimzi/strimzi-kafka-operator/1.0.0/helm-pain-report.yaml
62,opencost/opencost@2.5.21,not-yet-user-ready,"The mechanism works, but the current base is too default-shaped to be a good user offer.",Design at least one useful base variant before catalog promotion.,default,recipes/opencost/opencost/2.5.21/CATALOG.md,in-confighub-proof,1/1,local:0/1 gitops:0/1 live-parity:0/1 two-cluster:0/1,no,-,-,-,"Render parity alone is useful evidence, not a production or catalog recommendation.",recipes/opencost/opencost/2.5.21/CATALOG.md,recipes/opencost/opencost/2.5.21/helm-pain-report.yaml
63,gatekeeper/gatekeeper@3.22.2,not-yet-public-catalog-proof-ready,"The recipe/package proof exists and useful variants exist, but this chart has not been promoted into the public catalog.",Run catalog promotion review and add selected live lanes for the base a user would actually try.,default,recipes/gatekeeper/gatekeeper/3.22.2/CATALOG.md,live-helm-vs-confighub-parity,2/2,local:2/2 gitops:2/2 live-parity:2/2 two-cluster:2/2,yes,"review the existing variants, then write production disposition or support-decision artifacts before changing catalog status",human review needed: confirm variants are the obvious Helm-user paths; medium scan findings require review or waiver before production support; install gate warns; production support requires documented disposition or acceptance; CRD lifecycle policy must be catalog-readable; webhook readiness/observation policy must be catalog-readable,-,Do not present as a catalog-supported chart until promotion review and support decisions are recorded.,recipes/gatekeeper/gatekeeper/3.22.2/CATALOG.md,recipes/gatekeeper/gatekeeper/3.22.2/helm-pain-report.yaml
64,bitnami/contour@21.1.4,decision-needed-first,A named capability gap affects the recommended path.,"Decide whether to support, disclose, defer, or block the hard gap before promotion.",default,recipes/bitnami/contour/21.1.4/helm-pain-report.yaml,two-cluster-kind-parity,3/3,local:0/3 gitops:0/3 live-parity:0/3 two-cluster:1/3,no,-,-,existing-secret (chart ships no Secret toggle),Resolve the named gap first: existing-secret (chart ships no Secret toggle).,recipes/bitnami/contour/21.1.4/CATALOG.md,recipes/bitnami/contour/21.1.4/helm-pain-report.yaml
65,valkey/valkey@0.11.0,not-yet-user-ready,"The mechanism works, but the current base is too default-shaped to be a good user offer.",Design at least one useful base variant before catalog promotion.,default,recipes/valkey/valkey/0.11.0/CATALOG.md,render-parity,1/1,local:0/1 gitops:0/1 live-parity:0/1 two-cluster:0/1,no,-,-,-,"Render parity alone is useful evidence, not a production or catalog recommendation.",recipes/valkey/valkey/0.11.0/CATALOG.md,recipes/valkey/valkey/0.11.0/helm-pain-report.yaml
66,kyverno/kyverno-policies@3.8.0,not-yet-user-ready,"The mechanism works, but the current base is too default-shaped to be a good user offer.",Design at least one useful base variant before catalog promotion.,default,recipes/kyverno/kyverno-policies/3.8.0/CATALOG.md,local-kubernetes-live,1/1,local:1/1 gitops:0/1 live-parity:0/1 two-cluster:0/1,no,-,-,-,"Render parity alone is useful evidence, not a production or catalog recommendation.",recipes/kyverno/kyverno-policies/3.8.0/CATALOG.md,recipes/kyverno/kyverno-policies/3.8.0/helm-pain-report.yaml
67,elastic/metricbeat@8.5.1,not-yet-user-ready,"The mechanism works, but the current base is too default-shaped to be a good user offer.",Design at least one useful base variant before catalog promotion.,default,recipes/elastic/metricbeat/8.5.1/CATALOG.md,in-confighub-proof,1/1,local:0/1 gitops:0/1 live-parity:0/1 two-cluster:0/1,no,-,-,-,"Render parity alone is useful evidence, not a production or catalog recommendation.",recipes/elastic/metricbeat/8.5.1/CATALOG.md,recipes/elastic/metricbeat/8.5.1/helm-pain-report.yaml
68,minio-operator/operator@7.1.1,not-yet-user-ready,"The mechanism works, but the current base is too default-shaped to be a good user offer.",Design at least one useful base variant before catalog promotion.,default,recipes/minio-operator/operator/7.1.1/CATALOG.md,live-helm-vs-confighub-parity,1/1,local:1/1 gitops:1/1 live-parity:1/1 two-cluster:1/1,no,-,-,no-crds (template-baked CRDs; no clean chart toggle yet),"Render parity alone is useful evidence, not a production or catalog recommendation.",recipes/minio-operator/operator/7.1.1/CATALOG.md,recipes/minio-operator/operator/7.1.1/helm-pain-report.yaml
69,percona/pxc-operator@1.19.1,not-yet-public-catalog-proof-ready,"The recipe/package proof exists and useful variants exist, but this chart has not been promoted into the public catalog.",Run catalog promotion review and add selected live lanes for the base a user would actually try.,default,recipes/percona/pxc-operator/1.19.1/CATALOG.md,live-helm-vs-confighub-parity,2/2,local:1/2 gitops:2/2 live-parity:2/2 two-cluster:2/2,yes,"review the existing variants, then write production disposition or support-decision artifacts before changing catalog status",human review needed: confirm variants are the obvious Helm-user paths; medium scan findings require review or waiver before production support; install gate warns; production support requires documented disposition or acceptance; CRD lifecycle policy must be catalog-readable,-,Do not present as a catalog-supported chart until promotion review and support decisions are recorded.,recipes/percona/pxc-operator/1.19.1/CATALOG.md,recipes/percona/pxc-operator/1.19.1/helm-pain-report.yaml
70,bitnami/apache@11.4.29,decision-needed-first,A named capability gap affects the recommended path.,"Decide whether to support, disclose, defer, or block the hard gap before promotion.",default,recipes/bitnami/apache/11.4.29/helm-pain-report.yaml,local-kubernetes-live,2/2,local:1/2 gitops:0/2 live-parity:0/2 two-cluster:0/2,no,-,-,existing-secret (chart ships no Secret toggle),Resolve the named gap first: existing-secret (chart ships no Secret toggle).,recipes/bitnami/apache/11.4.29/CATALOG.md,recipes/bitnami/apache/11.4.29/helm-pain-report.yaml
71,grafana/pyroscope@2.0.2,decision-needed-first,A named capability gap affects the recommended path.,"Decide whether to support, disclose, defer, or block the hard gap before promotion.",default,recipes/grafana/pyroscope/2.0.2/helm-pain-report.yaml,two-cluster-kind-parity,3/3,local:2/3 gitops:0/3 live-parity:0/3 two-cluster:2/3,no,-,-,existing-secret (chart ships no Secret toggle),Resolve the named gap first: existing-secret (chart ships no Secret toggle).,recipes/grafana/pyroscope/2.0.2/CATALOG.md,recipes/grafana/pyroscope/2.0.2/helm-pain-report.yaml
72,aws-ebs-csi-driver/aws-ebs-csi-driver@2.60.1,not-yet-user-ready,"The mechanism works, but the current base is too default-shaped to be a good user offer.",Design at least one useful base variant before catalog promotion.,default,recipes/aws-ebs-csi-driver/aws-ebs-csi-driver/2.60.1/CATALOG.md,in-confighub-proof,1/1,local:0/1 gitops:0/1 live-parity:0/1 two-cluster:0/1,no,-,-,-,"Render parity alone is useful evidence, not a production or catalog recommendation.",recipes/aws-ebs-csi-driver/aws-ebs-csi-driver/2.60.1/CATALOG.md,recipes/aws-ebs-csi-driver/aws-ebs-csi-driver/2.60.1/helm-pain-report.yaml
73,falcosecurity/falcosidekick@0.13.1,not-yet-user-ready,"The mechanism works, but the current base is too default-shaped to be a good user offer.",Design at least one useful base variant before catalog promotion.,default,recipes/falcosecurity/falcosidekick/0.13.1/CATALOG.md,live-helm-vs-confighub-parity,1/1,local:1/1 gitops:1/1 live-parity:1/1 two-cluster:1/1,no,-,-,-,"Render parity alone is useful evidence, not a production or catalog recommendation.",recipes/falcosecurity/falcosidekick/0.13.1/CATALOG.md,recipes/falcosecurity/falcosidekick/0.13.1/helm-pain-report.yaml
74,aqua/trivy-operator@0.32.1,not-yet-public-catalog-proof-ready,"The recipe/package proof exists and useful variants exist, but this chart has not been promoted into the public catalog.",Run catalog promotion review and add selected live lanes for the base a user would actually try.,default,recipes/aqua/trivy-operator/0.32.1/CATALOG.md,live-helm-vs-confighub-parity,2/2,local:2/2 gitops:2/2 live-parity:2/2 two-cluster:2/2,yes,"review the existing variants, then write production disposition or support-decision artifacts before changing catalog status",human review needed: confirm variants are the obvious Helm-user paths; medium scan findings require review or waiver before production support; install gate warns; production support requires documented disposition or acceptance; CRD lifecycle policy must be catalog-readable,-,Do not present as a catalog-supported chart until promotion review and support decisions are recorded.,recipes/aqua/trivy-operator/0.32.1/CATALOG.md,recipes/aqua/trivy-operator/0.32.1/helm-pain-report.yaml
75,argo-cd/argo-events@2.4.21,not-yet-public-catalog-proof-ready,"The recipe/package proof exists and useful variants exist, but this chart has not been promoted into the public catalog.",Run catalog promotion review and add selected live lanes for the base a user would actually try.,default,recipes/argo-cd/argo-events/2.4.21/CATALOG.md,live-helm-vs-confighub-parity,2/2,local:2/2 gitops:2/2 live-parity:2/2 two-cluster:2/2,yes,"review the existing variants, then write production disposition or support-decision artifacts before changing catalog status",human review needed: confirm variants are the obvious Helm-user paths; medium scan findings require review or waiver before production support; install gate warns; production support requires documented disposition or acceptance; CRD lifecycle policy must be catalog-readable,-,Do not present as a catalog-supported chart until promotion review and support decisions are recorded.,recipes/argo-cd/argo-events/2.4.21/CATALOG.md,recipes/argo-cd/argo-events/2.4.21/helm-pain-report.yaml
76,argo-cd/argo-rollouts@2.40.9,not-yet-public-catalog-proof-ready,"The recipe/package proof exists and useful variants exist, but this chart has not been promoted into the public catalog.",Run catalog promotion review and add selected live lanes for the base a user would actually try.,default,recipes/argo-cd/argo-rollouts/2.40.9/CATALOG.md,live-helm-vs-confighub-parity,2/2,local:2/2 gitops:2/2 live-parity:2/2 two-cluster:2/2,yes,"review the existing variants, then write production disposition or support-decision artifacts before changing catalog status",human review needed: confirm variants are the obvious Helm-user paths; medium scan findings require review or waiver before production support; install gate warns; production support requires documented disposition or acceptance; CRD lifecycle policy must be catalog-readable,-,Do not present as a catalog-supported chart until promotion review and support decisions are recorded.,recipes/argo-cd/argo-rollouts/2.40.9/CATALOG.md,recipes/argo-cd/argo-rollouts/2.40.9/helm-pain-report.yaml
77,argo-cd/argo-workflows@1.0.14,not-yet-public-catalog-proof-ready,"The recipe/package proof exists and useful variants exist, but this chart has not been promoted into the public catalog.",Run catalog promotion review and add selected live lanes for the base a user would actually try.,default,recipes/argo-cd/argo-workflows/1.0.14/CATALOG.md,live-helm-vs-confighub-parity,3/3,local:1/3 gitops:3/3 live-parity:3/3 two-cluster:3/3,yes,"review the existing variants, then write production disposition or support-decision artifacts before changing catalog status",human review needed: confirm variants are the obvious Helm-user paths; medium scan findings require review or waiver before production support; install gate warns; production support requires documented disposition or acceptance,-,Do not present as a catalog-supported chart until promotion review and support decisions are recorded.,recipes/argo-cd/argo-workflows/1.0.14/CATALOG.md,recipes/argo-cd/argo-workflows/1.0.14/helm-pain-report.yaml
78,argo-cd/argocd-image-updater@1.2.2,not-yet-user-ready,"The mechanism works, but the current base is too default-shaped to be a good user offer.",Design at least one useful base variant before catalog promotion.,default,recipes/argo-cd/argocd-image-updater/1.2.2/CATALOG.md,live-helm-vs-confighub-parity,1/1,local:1/1 gitops:1/1 live-parity:1/1 two-cluster:1/1,no,-,-,no-crds (template-baked CRDs; no clean chart toggle yet),"Render parity alone is useful evidence, not a production or catalog recommendation.",recipes/argo-cd/argocd-image-updater/1.2.2/CATALOG.md,recipes/argo-cd/argocd-image-updater/1.2.2/helm-pain-report.yaml
79,autoscaler/cluster-autoscaler@9.57.0,not-yet-public-catalog-proof-ready,"The recipe/package proof exists and useful variants exist, but this chart has not been promoted into the public catalog.",Run catalog promotion review and add selected live lanes for the base a user would actually try.,default,recipes/autoscaler/cluster-autoscaler/9.57.0/CATALOG.md,live-helm-vs-confighub-parity,2/2,local:2/2 gitops:2/2 live-parity:2/2 two-cluster:0/2,yes,"review the existing variants, then write production disposition or support-decision artifacts before changing catalog status",human review needed: confirm variants are the obvious Helm-user paths; high scan findings require review before catalog support; medium scan findings require review or waiver before production support; install gate warns; production support requires documented disposition or acceptance,-,Do not present as a catalog-supported chart until promotion review and support decisions are recorded.,recipes/autoscaler/cluster-autoscaler/9.57.0/CATALOG.md,recipes/autoscaler/cluster-autoscaler/9.57.0/helm-pain-report.yaml
80,autoscaler/vertical-pod-autoscaler@0.9.0,not-yet-public-catalog-proof-ready,"The recipe/package proof exists and useful variants exist, but this chart has not been promoted into the public catalog.",Run catalog promotion review and add selected live lanes for the base a user would actually try.,default,recipes/autoscaler/vertical-pod-autoscaler/0.9.0/CATALOG.md,live-helm-vs-confighub-parity,2/2,local:2/2 gitops:2/2 live-parity:2/2 two-cluster:2/2,yes,"review the existing variants, then write production disposition or support-decision artifacts before changing catalog status",human review needed: confirm variants are the obvious Helm-user paths; medium scan findings require review or waiver before production support; install gate warns; production support requires documented disposition or acceptance; CRD lifecycle policy must be catalog-readable; webhook readiness/observation policy must be catalog-readable,-,Do not present as a catalog-supported chart until promotion review and support decisions are recorded.,recipes/autoscaler/vertical-pod-autoscaler/0.9.0/CATALOG.md,recipes/autoscaler/vertical-pod-autoscaler/0.9.0/helm-pain-report.yaml
81,aws-controllers-k8s/ec2-chart@1.18.4,review-needed,The chart needs manual review before a user-facing recommendation is made.,Open top100 readiness and the chart catalog page.,default,recipes/aws-controllers-k8s/ec2-chart/1.18.4/CATALOG.md,render-parity,2/2,local:0/2 gitops:0/2 live-parity:0/2 two-cluster:0/2,no,-,-,-,No production claim.,recipes/aws-controllers-k8s/ec2-chart/1.18.4/CATALOG.md,recipes/aws-controllers-k8s/ec2-chart/1.18.4/helm-pain-report.yaml
82,aws-controllers-k8s/eks-chart@1.16.3,review-needed,The chart needs manual review before a user-facing recommendation is made.,Open top100 readiness and the chart catalog page.,default,recipes/aws-controllers-k8s/eks-chart/1.16.3/CATALOG.md,render-parity,2/2,local:0/2 gitops:0/2 live-parity:0/2 two-cluster:0/2,no,-,-,-,No production claim.,recipes/aws-controllers-k8s/eks-chart/1.16.3/CATALOG.md,recipes/aws-controllers-k8s/eks-chart/1.16.3/helm-pain-report.yaml
83,aws-controllers-k8s/iam-chart@1.7.3,review-needed,The chart needs manual review before a user-facing recommendation is made.,Open top100 readiness and the chart catalog page.,default,recipes/aws-controllers-k8s/iam-chart/1.7.3/CATALOG.md,render-parity,2/2,local:0/2 gitops:0/2 live-parity:0/2 two-cluster:0/2,no,-,-,-,No production claim.,recipes/aws-controllers-k8s/iam-chart/1.7.3/CATALOG.md,recipes/aws-controllers-k8s/iam-chart/1.7.3/helm-pain-report.yaml
84,bitnami/opensearch@2.0.10,not-yet-public-catalog-proof-ready,"The recipe/package proof exists and useful variants exist, but this chart has not been promoted into the public catalog.",Run catalog promotion review and add selected live lanes for the base a user would actually try.,default,recipes/bitnami/opensearch/2.0.10/CATALOG.md,local-kubernetes-live,3/3,local:1/3 gitops:0/3 live-parity:0/3 two-cluster:0/3,no,-,-,-,Do not present as a catalog-supported chart until promotion review and support decisions are recorded.,recipes/bitnami/opensearch/2.0.10/CATALOG.md,recipes/bitnami/opensearch/2.0.10/helm-pain-report.yaml
85,cloudpirates/nginx@0.16.1,not-yet-user-ready,"The mechanism works, but the current base is too default-shaped to be a good user offer.",Design at least one useful base variant before catalog promotion.,default,recipes/cloudpirates/nginx/0.16.1/CATALOG.md,render-parity,1/1,local:0/1 gitops:0/1 live-parity:0/1 two-cluster:0/1,no,-,-,-,"Render parity alone is useful evidence, not a production or catalog recommendation.",recipes/cloudpirates/nginx/0.16.1/CATALOG.md,recipes/cloudpirates/nginx/0.16.1/helm-pain-report.yaml
86,cloudpirates/rabbitmq@0.21.13,not-yet-user-ready,"The mechanism works, but the current base is too default-shaped to be a good user offer.",Design at least one useful base variant before catalog promotion.,default,recipes/cloudpirates/rabbitmq/0.21.13/CATALOG.md,render-parity,1/1,local:0/1 gitops:0/1 live-parity:0/1 two-cluster:0/1,no,-,-,-,"Render parity alone is useful evidence, not a production or catalog recommendation.",recipes/cloudpirates/rabbitmq/0.21.13/CATALOG.md,recipes/cloudpirates/rabbitmq/0.21.13/helm-pain-report.yaml
87,cloudpirates/redis@0.34.11,not-yet-user-ready,"The mechanism works, but the current base is too default-shaped to be a good user offer.",Design at least one useful base variant before catalog promotion.,default,recipes/cloudpirates/redis/0.34.11/CATALOG.md,render-parity,1/1,local:0/1 gitops:0/1 live-parity:0/1 two-cluster:0/1,no,-,-,-,"Render parity alone is useful evidence, not a production or catalog recommendation.",recipes/cloudpirates/redis/0.34.11/CATALOG.md,recipes/cloudpirates/redis/0.34.11/helm-pain-report.yaml
88,crossplane-stable/crossplane@2.3.1,not-yet-user-ready,"The mechanism works, but the current base is too default-shaped to be a good user offer.",Design at least one useful base variant before catalog promotion.,default,recipes/crossplane-stable/crossplane/2.3.1/CATALOG.md,live-helm-vs-confighub-parity,1/1,local:1/1 gitops:1/1 live-parity:1/1 two-cluster:1/1,no,-,-,-,"Render parity alone is useful evidence, not a production or catalog recommendation.",recipes/crossplane-stable/crossplane/2.3.1/CATALOG.md,recipes/crossplane-stable/crossplane/2.3.1/helm-pain-report.yaml
89,grafana/promtail@6.17.1,not-yet-user-ready,"The mechanism works, but the current base is too default-shaped to be a good user offer.",Design at least one useful base variant before catalog promotion.,default,recipes/grafana/promtail/6.17.1/CATALOG.md,live-helm-vs-confighub-parity,1/1,local:1/1 gitops:1/1 live-parity:1/1 two-cluster:1/1,no,-,-,-,"Render parity alone is useful evidence, not a production or catalog recommendation.",recipes/grafana/promtail/6.17.1/CATALOG.md,recipes/grafana/promtail/6.17.1/helm-pain-report.yaml
90,grafana/rollout-operator@0.49.0,not-yet-public-catalog-proof-ready,"The recipe/package proof exists and useful variants exist, but this chart has not been promoted into the public catalog.",Run catalog promotion review and add selected live lanes for the base a user would actually try.,default,recipes/grafana/rollout-operator/0.49.0/CATALOG.md,live-helm-vs-confighub-parity,2/2,local:1/2 gitops:2/2 live-parity:2/2 two-cluster:2/2,yes,"review the existing variants, then write production disposition or support-decision artifacts before changing catalog status",human review needed: confirm variants are the obvious Helm-user paths; medium scan findings require review or waiver before production support; install gate warns; production support requires documented disposition or acceptance; CRD lifecycle policy must be catalog-readable; webhook readiness/observation policy must be catalog-readable,-,Do not present as a catalog-supported chart until promotion review and support decisions are recorded.,recipes/grafana/rollout-operator/0.49.0/CATALOG.md,recipes/grafana/rollout-operator/0.49.0/helm-pain-report.yaml
91,haproxytech/kubernetes-ingress@1.52.0,not-yet-user-ready,"The mechanism works, but the current base is too default-shaped to be a good user offer.",Design at least one useful base variant before catalog promotion.,default,recipes/haproxytech/kubernetes-ingress/1.52.0/CATALOG.md,live-helm-vs-confighub-parity,1/1,local:1/1 gitops:1/1 live-parity:1/1 two-cluster:1/1,no,-,-,-,"Render parity alone is useful evidence, not a production or catalog recommendation.",recipes/haproxytech/kubernetes-ingress/1.52.0/CATALOG.md,recipes/haproxytech/kubernetes-ingress/1.52.0/helm-pain-report.yaml
92,istio/gateway@1.30.0,not-yet-public-catalog-proof-ready,"The recipe/package proof exists and useful variants exist, but this chart has not been promoted into the public catalog.",Run catalog promotion review and add selected live lanes for the base a user would actually try.,default,recipes/istio/gateway/1.30.0/CATALOG.md,in-confighub-proof,2/2,local:0/2 gitops:0/2 live-parity:0/2 two-cluster:0/2,no,-,-,-,Do not present as a catalog-supported chart until promotion review and support decisions are recorded.,recipes/istio/gateway/1.30.0/CATALOG.md,recipes/istio/gateway/1.30.0/helm-pain-report.yaml
93,istio/istiod@1.30.0,not-yet-user-ready,"The mechanism works, but the current base is too default-shaped to be a good user offer.",Design at least one useful base variant before catalog promotion.,default,recipes/istio/istiod/1.30.0/CATALOG.md,in-confighub-proof,1/1,local:0/1 gitops:0/1 live-parity:0/1 two-cluster:0/1,no,-,-,-,"Render parity alone is useful evidence, not a production or catalog recommendation.",recipes/istio/istiod/1.30.0/CATALOG.md,recipes/istio/istiod/1.30.0/helm-pain-report.yaml
94,jetstack/cert-manager-csi-driver@v0.14.0,not-yet-user-ready,"The mechanism works, but the current base is too default-shaped to be a good user offer.",Design at least one useful base variant before catalog promotion.,default,recipes/jetstack/cert-manager-csi-driver/v0.14.0/CATALOG.md,live-helm-vs-confighub-parity,1/1,local:1/1 gitops:1/1 live-parity:1/1 two-cluster:1/1,no,-,-,-,"Render parity alone is useful evidence, not a production or catalog recommendation.",recipes/jetstack/cert-manager-csi-driver/v0.14.0/CATALOG.md,recipes/jetstack/cert-manager-csi-driver/v0.14.0/helm-pain-report.yaml
95,jetstack/trust-manager@v0.22.1,not-yet-public-catalog-proof-ready,"The recipe/package proof exists and useful variants exist, but this chart has not been promoted into the public catalog.",Run catalog promotion review and add selected live lanes for the base a user would actually try.,default,recipes/jetstack/trust-manager/v0.22.1/CATALOG.md,live-helm-vs-confighub-parity,2/2,local:0/2 gitops:1/2 live-parity:1/2 two-cluster:2/2,yes,"review the existing variants, then write production disposition or support-decision artifacts before changing catalog status",human review needed: confirm variants are the obvious Helm-user paths; medium scan findings require review or waiver before production support; install gate warns; production support requires documented disposition or acceptance; CRD lifecycle policy must be catalog-readable; webhook readiness/observation policy must be catalog-readable,-,Do not present as a catalog-supported chart until promotion review and support decisions are recorded.,recipes/jetstack/trust-manager/v0.22.1/CATALOG.md,recipes/jetstack/trust-manager/v0.22.1/helm-pain-report.yaml
96,linkerd/linkerd-crds@1.8.0,not-yet-user-ready,"The mechanism works, but the current base is too default-shaped to be a good user offer.",Design at least one useful base variant before catalog promotion.,default,recipes/linkerd/linkerd-crds/1.8.0/CATALOG.md,two-cluster-kind-parity,1/1,local:1/1 gitops:0/1 live-parity:0/1 two-cluster:1/1,no,-,-,-,"Render parity alone is useful evidence, not a production or catalog recommendation.",recipes/linkerd/linkerd-crds/1.8.0/CATALOG.md,recipes/linkerd/linkerd-crds/1.8.0/helm-pain-report.yaml
97,minio-operator/tenant@7.1.1,not-yet-user-ready,"The mechanism works, but the current base is too default-shaped to be a good user offer.",Design at least one useful base variant before catalog promotion.,default,recipes/minio-operator/tenant/7.1.1/CATALOG.md,two-cluster-kind-parity,1/1,local:1/1 gitops:0/1 live-parity:0/1 two-cluster:1/1,no,-,-,-,"Render parity alone is useful evidence, not a production or catalog recommendation.",recipes/minio-operator/tenant/7.1.1/CATALOG.md,recipes/minio-operator/tenant/7.1.1/helm-pain-report.yaml
98,nats/nack@0.34.0,not-yet-public-catalog-proof-ready,"The recipe/package proof exists and useful variants exist, but this chart has not been promoted into the public catalog.",Run catalog promotion review and add selected live lanes for the base a user would actually try.,default,recipes/nats/nack/0.34.0/CATALOG.md,live-helm-vs-confighub-parity,2/2,local:2/2 gitops:2/2 live-parity:2/2 two-cluster:1/2,yes,"review the existing variants, then write production disposition or support-decision artifacts before changing catalog status",human review needed: confirm variants are the obvious Helm-user paths; medium scan findings require review or waiver before production support; install gate warns; production support requires documented disposition or acceptance; CRD lifecycle policy must be catalog-readable,-,Do not present as a catalog-supported chart until promotion review and support decisions are recorded.,recipes/nats/nack/0.34.0/CATALOG.md,recipes/nats/nack/0.34.0/helm-pain-report.yaml
99,nats/surveyor@0.20.9,not-yet-public-catalog-proof-ready,"The recipe/package proof exists and useful variants exist, but this chart has not been promoted into the public catalog.",Run catalog promotion review and add selected live lanes for the base a user would actually try.,default,recipes/nats/surveyor/0.20.9/CATALOG.md,in-confighub-proof,2/2,local:0/2 gitops:0/2 live-parity:0/2 two-cluster:0/2,no,-,-,-,Do not present as a catalog-supported chart until promotion review and support decisions are recorded.,recipes/nats/surveyor/0.20.9/CATALOG.md,recipes/nats/surveyor/0.20.9/helm-pain-report.yaml
100,nvidia/nvidia-device-plugin@0.19.3,review-needed,The chart needs manual review before a user-facing recommendation is made.,Open top100 readiness and the chart catalog page.,default,recipes/nvidia/nvidia-device-plugin/0.19.3/CATALOG.md,render-parity,3/3,local:0/3 gitops:0/3 live-parity:0/3 two-cluster:0/3,no,-,-,-,No production claim.,recipes/nvidia/nvidia-device-plugin/0.19.3/CATALOG.md,recipes/nvidia/nvidia-device-plugin/0.19.3/helm-pain-report.yaml
101,open-telemetry/opentelemetry-operator@0.114.0,not-yet-public-catalog-proof-ready,"The recipe/package proof exists and useful variants exist, but this chart has not been promoted into the public catalog.",Run catalog promotion review and add selected live lanes for the base a user would actually try.,default,recipes/open-telemetry/opentelemetry-operator/0.114.0/CATALOG.md,live-helm-vs-confighub-parity,2/2,local:0/2 gitops:1/2 live-parity:1/2 two-cluster:2/2,yes,"review the existing variants, then write production disposition or support-decision artifacts before changing catalog status",human review needed: confirm variants are the obvious Helm-user paths; medium scan findings require review or waiver before production support; install gate warns; production support requires documented disposition or acceptance; CRD lifecycle policy must be catalog-readable; webhook readiness/observation policy must be catalog-readable,-,Do not present as a catalog-supported chart until promotion review and support decisions are recorded.,recipes/open-telemetry/opentelemetry-operator/0.114.0/CATALOG.md,recipes/open-telemetry/opentelemetry-operator/0.114.0/helm-pain-report.yaml
102,percona/pg-operator@3.0.0,not-yet-public-catalog-proof-ready,"The recipe/package proof exists and useful variants exist, but this chart has not been promoted into the public catalog.",Run catalog promotion review and add selected live lanes for the base a user would actually try.,default,recipes/percona/pg-operator/3.0.0/CATALOG.md,live-helm-vs-confighub-parity,2/2,local:2/2 gitops:2/2 live-parity:2/2 two-cluster:2/2,yes,"review the existing variants, then write production disposition or support-decision artifacts before changing catalog status",human review needed: confirm variants are the obvious Helm-user paths; medium scan findings require review or waiver before production support; install gate warns; production support requires documented disposition or acceptance; CRD lifecycle policy must be catalog-readable,-,Do not present as a catalog-supported chart until promotion review and support decisions are recorded.,recipes/percona/pg-operator/3.0.0/CATALOG.md,recipes/percona/pg-operator/3.0.0/helm-pain-report.yaml
103,percona/psmdb-operator@1.22.0,not-yet-public-catalog-proof-ready,"The recipe/package proof exists and useful variants exist, but this chart has not been promoted into the public catalog.",Run catalog promotion review and add selected live lanes for the base a user would actually try.,default,recipes/percona/psmdb-operator/1.22.0/CATALOG.md,live-helm-vs-confighub-parity,2/2,local:2/2 gitops:2/2 live-parity:2/2 two-cluster:2/2,yes,"review the existing variants, then write production disposition or support-decision artifacts before changing catalog status",human review needed: confirm variants are the obvious Helm-user paths; medium scan findings require review or waiver before production support; install gate warns; production support requires documented disposition or acceptance; CRD lifecycle policy must be catalog-readable,-,Do not present as a catalog-supported chart until promotion review and support decisions are recorded.,recipes/percona/psmdb-operator/1.22.0/CATALOG.md,recipes/percona/psmdb-operator/1.22.0/helm-pain-report.yaml
104,rook-release/rook-ceph@v1.19.5,not-yet-user-ready,"The mechanism works, but the current base is too default-shaped to be a good user offer.",Design at least one useful base variant before catalog promotion.,default,recipes/rook-release/rook-ceph/v1.19.5/CATALOG.md,live-helm-vs-confighub-parity,1/1,local:1/1 gitops:1/1 live-parity:1/1 two-cluster:1/1,no,-,-,no-crds (template-baked CRDs; no clean chart toggle yet),"Render parity alone is useful evidence, not a production or catalog recommendation.",recipes/rook-release/rook-ceph/v1.19.5/CATALOG.md,recipes/rook-release/rook-ceph/v1.19.5/helm-pain-report.yaml
105,rook-release/rook-ceph-cluster@v1.19.5,not-yet-user-ready,"The mechanism works, but the current base is too default-shaped to be a good user offer.",Design at least one useful base variant before catalog promotion.,default,recipes/rook-release/rook-ceph-cluster/v1.19.5/CATALOG.md,local-kubernetes-live,1/1,local:1/1 gitops:0/1 live-parity:0/1 two-cluster:0/1,no,-,-,-,"Render parity alone is useful evidence, not a production or catalog recommendation.",recipes/rook-release/rook-ceph-cluster/v1.19.5/CATALOG.md,recipes/rook-release/rook-ceph-cluster/v1.19.5/helm-pain-report.yaml
106,sealed-secrets/sealed-secrets@2.18.6,not-yet-public-catalog-proof-ready,"The recipe/package proof exists and useful variants exist, but this chart has not been promoted into the public catalog.",Run catalog promotion review and add selected live lanes for the base a user would actually try.,default,recipes/sealed-secrets/sealed-secrets/2.18.6/CATALOG.md,live-helm-vs-confighub-parity,2/2,local:2/2 gitops:2/2 live-parity:2/2 two-cluster:2/2,yes,"review the existing variants, then write production disposition or support-decision artifacts before changing catalog status",human review needed: confirm variants are the obvious Helm-user paths; medium scan findings require review or waiver before production support; install gate warns; production support requires documented disposition or acceptance; CRD lifecycle policy must be catalog-readable,-,Do not present as a catalog-supported chart until promotion review and support decisions are recorded.,recipes/sealed-secrets/sealed-secrets/2.18.6/CATALOG.md,recipes/sealed-secrets/sealed-secrets/2.18.6/helm-pain-report.yaml
107,velero/velero@12.0.1,not-yet-public-catalog-proof-ready,"The recipe/package proof exists and useful variants exist, but this chart has not been promoted into the public catalog.",Run catalog promotion review and add selected live lanes for the base a user would actually try.,default,recipes/velero/velero/12.0.1/CATALOG.md,in-confighub-proof,2/2,local:0/2 gitops:0/2 live-parity:0/2 two-cluster:0/2,no,-,-,-,Do not present as a catalog-supported chart until promotion review and support decisions are recorded.,recipes/velero/velero/12.0.1/CATALOG.md,recipes/velero/velero/12.0.1/helm-pain-report.yaml
108,vm/victoria-logs-single@0.12.5,not-yet-user-ready,"The mechanism works, but the current base is too default-shaped to be a good user offer.",Design at least one useful base variant before catalog promotion.,default,recipes/vm/victoria-logs-single/0.12.5/CATALOG.md,live-helm-vs-confighub-parity,1/1,local:1/1 gitops:1/1 live-parity:1/1 two-cluster:1/1,no,-,-,-,"Render parity alone is useful evidence, not a production or catalog recommendation.",recipes/vm/victoria-logs-single/0.12.5/CATALOG.md,recipes/vm/victoria-logs-single/0.12.5/helm-pain-report.yaml
109,vm/victoria-metrics-single@0.39.0,not-yet-public-catalog-proof-ready,"The recipe/package proof exists and useful variants exist, but this chart has not been promoted into the public catalog.",Run catalog promotion review and add selected live lanes for the base a user would actually try.,default,recipes/vm/victoria-metrics-single/0.39.0/CATALOG.md,live-helm-vs-confighub-parity,2/2,local:2/2 gitops:2/2 live-parity:2/2 two-cluster:2/2,yes,"review the existing variants, then write production disposition or support-decision artifacts before changing catalog status",human review needed: confirm variants are the obvious Helm-user paths; stateful storage and rollback policy must be catalog-readable,-,Do not present as a catalog-supported chart until promotion review and support decisions are recorded.,recipes/vm/victoria-metrics-single/0.39.0/CATALOG.md,recipes/vm/victoria-metrics-single/0.39.0/helm-pain-report.yaml
